parent_smiles,parent_name,child_name,child_smiles
CCCC(CCC)C(=O)O,Valproic acid,(3E)-2-Propylpent-3-enoic acid (3E-Ene-VPA),CC=CC(CCC)C(=O)O
NCCCN1c2ccccc2CCc2ccccc21,Didemethylimipramine,10-hydroxydidemethylimipramine,NCCCN1c2ccccc2CC(O)c2ccccc21
NC(Cc1cc(I)c(Oc2ccc(O)c(I)c2)c(I)c1)C(=O)O,Liothyronine,Diiodothyronine,NC(Cc1cc(I)c(Oc2ccc(O)cc2)c(I)c1)C(=O)O
C=CC(=O)NCC(CCCO)n1nc(-c2ccc(Oc3ccccc3)cc2)c2c(N)ncnc21,PCI-45752 (M34),M24,Nc1ncnc2c1c(-c1ccc(Oc3ccccc3)cc1)nn2C(CCCO)CNC(=O)C(O)O
COc1ccsc1CNCCC1(c2ccccn2)CCOC2(CCCC2)C1,Oliceridine,TRV0109662,NCCC1(c2ccccn2)CCOC2(CCCC2)C1
COc1ccc(-n2nc(C(N)=O)c3c2C(=O)N(c2ccc(N4CCCCC4=O)cc2)CC3)cc1,Apixaban,Apixaban M2 metabolite,NC(=O)c1nn(-c2ccc(O)cc2)c2c1CCN(c1ccc(N3CCCCC3=O)cc1)C2=O
CCC(C)C(=O)OC1CC(O)C=C2C=CC(C)C(CCC(O)CC(O)CC(=O)O)C21,Pravastatin,3'(S)-hydroxy-pravastatin,CC(O)C(C)C(=O)OC1CC(O)C=C2C=CC(C)C(CCC(O)CC(O)CC(=O)O)C21
Cc1ccc(NC(=O)c2ccc(CN3CCN(C)CC3)cc2)cc1Nc1nccc(-c2cccnc2)n1,Imatinib,M28.8 imatinib,Cc1ccc(NC(=O)c2ccc(CN3CCNCC3=O)cc2)cc1Nc1nccc(-c2cccnc2)n1
C[N+](C)([O-])CCC=C1c2ccccc2COc2ccccc21,Doxepin N-oxide,Doxepin N-oxide glucuronide,C[N+](C)(CCC=C1c2ccccc2COc2ccccc21)OC1OC(C(=O)O)C(O)C(O)C1O
c1ccc(C(OC2CC3CCC(C2)N3)c2ccccc2)cc1,N-desmethylbenztropine,N-desmethyl-4'-hydroxy benztropine,OC1(OC(c2ccccc2)c2ccccc2)CC2CCC(C1)N2
O=CC(O)C(O)C(O)CO,Xylose,Xylitol,OCC(O)C(O)C(O)CO
CC(=O)CC(c1ccccc1)c1c(O)c2ccccc2oc1=O,Warfarin,S-Warfarin-S-Alcohol,CC(O)CC(c1ccccc1)c1c(O)c2ccccc2oc1=O
CC1CCC2C(C)C(OC(=O)CCC(=O)O)OC3OC4(C)CCC1C32OO4,Artesunate,Dihydroartemisinin (DHA),CC1CCC2C(C)C(O)OC3OC4(C)CCC1C32OO4
NC(=O)CCC(NC(=O)c1ccccc1C(=O)O)C(=O)O,2-(o-carboxybenzamido)glutaramic acid,2-(o-carboxybenzamido)glutaric acid,O=C(O)CCC(NC(=O)c1ccccc1C(=O)O)C(=O)O
CCOC(=O)c1ccc(C#Cc2ccc3c(c2)C(C)(C)CCS3)nc1,Tazarotene,Tazarotenic acid,CC1(C)CCSc2ccc(C#Cc3ccc(C(=O)O)cn3)cc21
CC12CCC(=O)C=C1CCC1C2C(=O)CC2(C)C1CCC2(O)C(=O)CO,Cortisone,Tetrahydrocortisone,CC12CCC(O)CC1CCC1C2C(=O)CC2(C)C1CCC2(O)C(=O)CO
Clc1ccc2c(N3CCN(CCCN4CCN(c5ccnc6cc(Cl)ccc56)CC4)CC3)ccnc2c1,Piperaquine,M2 (piperaquine),[O-][n+]1ccc(N2CCN(CCCN3CCN(c4ccnc5cc(Cl)ccc45)CC3)CC2)c2ccc(Cl)cc21
CN1CCCC1c1cccnc1,Nicotine,N-Methylnicotinium,CN1CCCC1c1ccc[n+](C)c1
Cn1c(CNc2ccc(C(=N)N)cc2)nc2cc(C(=O)N(CCC(=O)O)c3ccccn3)ccc21,Dabigatran,Dabigatran M355,Cn1c(CO)nc2cc(C(=O)N(CCC(=O)O)c3ccccn3)ccc21
O=c1[nH]c(=O)n(C2CC(O)C(CO)O2)cc1C(F)(F)F,Trifluridine,5-carboxy-2'-deoxyuridine,O=C(O)c1cn(C2CC(O)C(CO)O2)c(=O)nc1O
CC(=O)N1CCN(c2ccc(OCC3COC(Cn4ccnc4)(c4ccc(Cl)cc4Cl)O3)cc2)CC1,Ketoconazole,M14 (Ketoconazole),Clc1ccc(C2(Cn3ccnc3)OCC(COc3ccc(N4CCNCC4)cc3)O2)c(Cl)c1
CC#CCn1c(N2CCCC(NC(C)=O)C2)nc2c1c(=O)n(Cc1nc(C)c3ccccc3n1)c(=O)n2C,Linagliptin M515(1),Linigliptin M531(2),CC#CCn1c(N2CCCC(NC(C)=O)C2O)nc2c1c(=O)n(Cc1nc(C)c3ccccc3n1)c(=O)n2C
O=Cc1c(Cl)cccc1Nc1ccccc1C(=O)OC1OC(O)C(O)C(O)C1O,N-(2-formyl-3-chlorophenyl) anthranilic acid,N-(2-carboxy-3-chlorophenyl)-anthranilic acid,O=C(OC1OC(O)C(O)C(O)C1O)c1ccccc1Nc1cccc(Cl)c1C(=O)O
CC(C)C1CCC(C(=O)NC(Cc2ccccc2)C(=O)O)CC1,Nateglinide,Nateglinide metabolite M7,C=C(C)C1CCC(C(=O)NC(Cc2ccccc2)C(=O)O)CC1
CCCCCC(O)CCC1C(O)CC2Cc3c(cccc3OCC(=O)O)CC21,Treprostinil,Treprostinil metabolite HU2,O=C(O)CCC1C(O)CC2Cc3c(cccc3OCC(=O)O)CC21
C=CC(=O)N1CCCC(n2nc(-c3ccc(Oc4ccccc4)cc3)c3c(N)ncnc32)C1,Ibrutinib,PCI-45227 (M37),Nc1ncnc2c1c(-c1ccc(Oc3ccccc3)cc1)nn2C1CCCN(C(=O)C(O)CO)C1
OCCN1CCN(CCC=C2c3ccccc3Sc3ccc(C(F)(F)F)cc32)CC1,Flupentixol,N-dealkyl flupentixol,FC(F)(F)c1ccc2c(c1)C(=CCCN1CCNCC1)c1ccccc1S2
COc1ccc2c3c1OC1CC(O)C=CC31CCN(C)C2,Epigalantamine,Sulfate conjugate of epigalantamine,COc1ccc2c3c1OC1CC(OS(=O)(=O)O)C=CC31CCN(C)C2
CC(Cc1ccc(O)c(O)c1)(NN)C(=O)O,Carbidopa,"3-(3,4-dihydroxyphenyl)-2-methylpropionic acid",CC(Cc1ccc(O)c(O)c1)C(=O)O
COC1C=COC2(C)Oc3c(C)c(O)c4c(O)c(cc(O)c4c3C2=O)NC(=O)C(C)=CC=CC(C)C(O)C(C)C(O)C(C)C(OC(C)=O)C1C,Rifamycin,25-deacetyl-rifamycin,COC1C=COC2(C)Oc3c(C)c(O)c4c(O)c(cc(O)c4c3C2=O)NC(=O)C(C)=CC=CC(C)C(O)C(C)C(O)C(C)C(O)C1C
O=S1(=O)N=C(N2CCNCC2)c2ccccc21,"3-(piperazine-1-yl)-1,2-benzisothiazole sulfone","3-(piperazine-1-yl)-1,2-benzisothiazole sulfone lactam",O=C1CN(C2=NS(=O)(=O)c3ccccc32)CCN1
COC(=O)C=CC(=O)OC,Dimethyl fumarate,Monomethyl fumarate,COC(=O)C=CC(=O)O
CCCC(=O)OC1CC2C3CCC4=CC(=O)C=CC4(C)C3C(O)CC2(C)C1(O)C(=O)CO,16alpha-butyrloxyprednisolone,16-alpha-hydroxyprednisolone,CC12C=CC(=O)C=C1CCC1C2C(O)CC2(C)C1CC(O)C2(O)C(=O)CO
C1CCC(C(CC2CCCCN2)C2CCCCC2)CC1,Perhexiline,Monohydroxyperhexiline,OC1CCC(C(CC2CCCCN2)C2CCCCC2)CC1
CC(=O)CC(=O)N1CCCC1c1nc(-c2ccc(C(=O)Nc3ccccn3)cc2)c2c(N)nccn12,Acalabrutinib M23 Metabolite (ACP-5134),Acalabrutinib M24 Metabolite,CCCC(=O)N1CCCC1c1nc(-c2ccc(C(=O)Nc3ccccn3)cc2)c2c(N)nccn12
O=C1CCc2ccc(OCCCCN3CCN(c4cccc(Cl)c4Cl)CC3)cc2N1,Aripiprazole,Aripiprazole unnamed metabolite 7,O=C1CCc2cc(O)c(OCCCCN3CCN(c4cccc(Cl)c4Cl)CC3)cc2N1
CC(=O)Nc1cccc(-n2c(=O)n(C3CC3)c(=O)c3c(Nc4ccc(I)cc4F)n(C)c(=O)c(C)c32)c1,Trametinib,Trametinib M3 metabolite,Cc1c(=O)n(C)c(Nc2ccc(I)cc2F)c2c(=O)n(C3CC3)c(=O)n(-c3ccc(O)c(N)c3)c12
CN(C)CC(c1ccc(O)cc1)C1(O)CCCCC1,Desvenlafaxine,Desvenlafaxine N-oxide,C[N+](C)([O-])CC(c1ccc(O)cc1)C1(O)CCCCC1
CC(CCc1ccc(O)cc1)NCC(O)c1ccc(O)c(C(N)=O)c1,Labetalol Hydroxylated Metabolite (IV),Labetalol Phenolic Glucuronide Metabolite (V),CC(CCc1ccc(OC2OC(C(=O)O)C(O)C(O)C2O)cc1)NCC(O)c1ccc(O)c(C(N)=O)c1
NC(=O)C(CCC(=O)O)N1C(=O)c2ccccc2C1=O,4-phthalimidoglutaramic acid,4-(o-carboxybenzamido)glutaramic acid,NC(=O)C(CCC(=O)O)NC(=O)c1ccccc1C(=O)O
C=CC1CC1(NC(=O)C1CC(Oc2ncc(OC)c3ccc(Cl)cc23)CN1C(=O)C(NC(=O)OC(C)(C)C)C(C)(C)C)C(=O)NS(=O)(=O)C1CC1,Asunaprevir,Asunaprevir M10,C=CC1CC1(NC(=O)C1CC(Oc2ncc(OC)c3ccc(Cl)cc23)CN1C(=O)C(N)C(C)(C)C)C(=O)NS(=O)(=O)C1CC1
CC12CCC3C(CC=C4CC(O)CCC43C)C1CCC2=O,Prasterone,Dehydroepiandrosterone 3-glucuronide,CC12CCC3C(CC=C4CC(OC5OC(C(=O)O)C(O)C(O)C5O)CCC43C)C1CCC2=O
CCc1nn(CCCN2CCN(c3cccc(Cl)c3)CC2)c(=O)n1CC,Etoperidone,Etoperidone M2,CCn1c(C(C)O)nn(CCCN2CCN(c3cccc(Cl)c3)CC2)c1=O
CCCSc1nc(NC2CC2c2ccc(F)c(F)c2)c2nnn(C3CC(OCCO)C(O)C3O)c2n1,Ticagrelor,AR-C133913XX,CCCSc1nc(N)c2nnn(C3CC(OCCO)C(O)C3O)c2n1
CC(C(=O)O)c1cccc(C(=O)c2ccccc2)c1,Ketoprofen,Ketoprofen glucuronide,CC(C(=O)OC1OC(C(=O)O)C(O)C(O)C1O)c1cccc(C(=O)c2ccccc2)c1
CNC1(c2ccccc2Cl)CCCCC1=O,Ketamine,5-Hydroxyketamine,CNC1(c2ccccc2Cl)CCC(O)CC1=O
CCCNC(=O)NS(=O)(=O)c1ccc(Cl)cc1,Chlorpropamide,4-Chlorobenzenesulfonylurea,NC(=O)NS(=O)(=O)c1ccc(Cl)cc1
C=CCN1CCC23c4c5ccc(O)c4OC2C(=O)CCC3(O)C1C5,Naloxone,Naloxone 3-Glucuronide,C=CCN1CCC23c4c5ccc(OC6OC(C(=O)O)C(O)C(O)C6O)c4OC2C(=O)CCC3(O)C1C5
Nc1nc2c(c(=O)[nH]1)N(C=O)C(CNc1ccc(C(=O)NC(CCC(=O)O)C(=O)O)cc1)CN2,Leucovorin,5-Methyltetrahydrofolate,CN1c2c(nc(N)[nH]c2=O)NCC1CNc1ccc(C(=O)NC(CCC(=O)O)C(=O)O)cc1
CCC(CC)COC(=O)C(C)NP(=O)(OCC1OC(C#N)(c2ccc3c(N)ncnn23)C(O)C1O)Oc1ccccc1,Remdesivir,Remdesivir carboxylate,CC(NP(=O)(OCC1OC(C#N)(c2ccc3c(N)ncnn23)C(O)C1O)Oc1ccccc1)C(=O)O
O=C(NC(CO)C(O)c1ccc([N+](=O)[O-])cc1)C(Cl)Cl,Chloramphenicol,Chloramphenicol Alcohol,O=C(CO)NC(CO)C(O)c1ccc([N+](=O)[O-])cc1
CCCC(=O)OC1(C(=O)COC(C)=O)CCC2C3CC(F)C4=CC(=O)C=CC4(C)C3(F)C(O)CC21C,Difluprednate,Hydroxyfluoroprednisolone butyrate,CCCC(=O)OC1(C(=O)CO)CCC2C3CC(O)C4=CC(=O)C=CC4(C)C3(F)C(O)CC21C
CC12CCC(=O)C=C1CCC1C2C(O)CC2(C=O)C(C(=O)CO)CCC12,Aldosterone,Tetrahydroaldosterone-3-glucuronide,CC12CCC(OC3OC(C(=O)O)C(O)C(O)C3O)CC1CCC1C2C2CC3(C(O)O2)C(C(=O)CO)CCC13
O=S(=O)(O)CCS,Coenzyme M,dimesna,O=S(=O)(O)CCSSCCS(=O)(=O)O
CNC(C)Cc1ccccc1,Metamfetamine,4-Hydroxynorephedrine,CC(N)C(O)c1ccc(O)cc1
CC(=O)CCc1ccc2cc(O)ccc2c1,4-(6-Hydroxy-2-naphthyl)- butan-2-one,4-(6-Hydroxy-2-naphthyl)- butan-2-one glucuronide,CC(=O)CCc1ccc2cc(OC3OC(C(=O)O)C(O)C(O)C3O)ccc2c1
[O-][s+]1nc(N2CCNCC2)c2ccccc21,"3-(piperazine-1-yl)-1,2-benzisothiazole sulfoxide","3-(piperazine-1-yl)-1,2-benzisothiazole sulfone",O=S1(=O)N=C(N2CCNCC2)c2ccccc21
CC(=O)Oc1ccc2c(c1)CCC1C2CCC2(C)C(O)CCC12,Estradiol acetate,Estradiol,CC12CCC3c4ccc(O)cc4CCC3C1CCC2O
O=C(O)c1cccnc1,Niacin,N1-methyl-2-pyridone-5-carboxamide,Cn1cc(C(N)=O)ccc1=O
CCC(C)C(=O)OC1CCC=C2C=C(O)C(C)C(CCC(O)CC(O)CC(=O)O)C21,3-alpha-isopravastatin,"5,6-epoxy-3-alpha-isopravastatin",CCC(C)C(=O)OC1CC2OC2C2C=C(O)C(C)C(CCC(O)CC(O)CC(=O)O)C12
CCOC(=O)c1ccc(N)cc1,Benzocaine,Aminobenzoic acid,Nc1ccc(C(=O)O)cc1
CCC(C)C(=O)OC1CC(O)C(O)C2C=C(O)C(C)C(CCC(O)CC(O)CC(=O)O)C12,Triol pravastatin,"3-keto-5,6-diol pravastatin",CCC(C)C(=O)OC1CC(O)C(O)C2=CC(=O)C(C)C(CCC(O)CC(O)CC(=O)O)C21
CC1(C)SC2C(NC(=O)C(N)c3ccc(O)cc3)C(=O)N2C1C(=O)O,Amoxicillin,Amoxicillin M7 Metabolite,CC1(C)SC2C(NC(=O)C(N)c3ccc(OC4OC(C(=O)O)C(O)C(O)C4O)cc3)C(=O)N2C1C(=O)O
CC1CC(=O)NN=C1c1ccc(NN=C(C#N)C#N)cc1,Levosimendan,OR-1896,CC(=O)Nc1ccc(C2=NNC(=O)CC2C)cc1
CC1CCOC2Cn3cc(C(=O)NCc4ccc(F)cc4F)c(=O)c(O)c3C(=O)N12,Dolutegravir,defluorinated and gutathione conjugated form of dolutegravir (M4.1),CC1CCOC2Cn3cc(C(=O)NCc4cc(SCC(N)C(=O)O)c(O)cc4F)c(=O)c(O)c3C(=O)N12
CC(O)CCc1ccc2cc(O)ccc2c1,4-(6-hydroxy-2-naphthyl)- butan-2-ol,4-(6-hydroxy-2-naphthyl)- butan-2-ol glucuronide (6-OH conjugated),CC(O)CCc1ccc2cc(OC3OC(C(=O)O)C(O)C(O)C3O)ccc2c1
CC(=O)OCC(NC(=O)C(Cl)Cl)C(O)c1ccc([N+](=O)[O-])cc1,Chloramphenicol 3-acetate,Chloramphenicol 1-acetate,CC(=O)OC(c1ccc([N+](=O)[O-])cc1)C(CO)NC(=O)C(Cl)Cl
Cc1c(Cl)c(C)[n+]([O-])c(Cl)c1-c1noc(-c2cc(O)c(O)c([N+](=O)[O-])c2)n1,Opicapone,BIA 9-1103,Cc1c(Cl)c(C)[n+]([O-])c(Cl)c1-c1noc(-c2cc(OS(=O)(=O)O)c(O)c([N+](=O)[O-])c2)n1
CCc1nn(CCC(=O)O)c(=O)n1CC,Etoperidone M12,Etoperidone M13,CCc1nn(CCC(=O)OC)c(=O)n1CC
N#CC1CCCN1C(=O)CNC12CC3CC(CC(O)(C3)C1)C2,Vildagliptin,Vildagliptin M21.6 metabolite,O=C(O)CCCNC(=O)CNC12CC3CC(CC(O)(C3)C1)C2
CC(C)[N+]1(C)C2CCC1CC(OC(=O)C(CO)c1ccccc1)C2,Ipratropium,N-isopropylnortropine-ester methobromide,CC(C)[N+]1(C)C2CCC1CC(O)C2
CC(=O)OC(c1ccc([N+](=O)[O-])cc1)C(CO)NC(=O)C(Cl)Cl,Chloramphenicol 1-acetate,"Chloramphenicol 1,3-diacetate",CC(=O)OCC(NC(=O)C(Cl)Cl)C(OC(C)=O)c1ccc([N+](=O)[O-])cc1
C#CC1(O)CCC2C3CCC4=CCCCC4C3C(=C)CC21CC,Desogestrel,Desogestrel-17-sulfate,C#CC1(OS(=O)(=O)O)CCC2C3CCC4=CCCCC4C3C(=C)CC21CC
NC(CC(=O)N1CCn2c(nnc2C(F)(F)F)C1)Cc1cc(F)c(F)cc1F,Sitagliptin,Sitagliptin Unnamed Metabolite,O=C(O)NC(CC(=O)N1CCn2c(nnc2C(F)(F)F)C1)Cc1cc(F)c(F)cc1F
c1ccc2cnncc2c1,Phthalazine,Phthalazinone,O=c1[nH]ncc2ccccc12
Cn1c(CNc2ccc(C(=N)N)cc2)nc2cc(C(=O)N(CCC(=O)OC3OC(C(=O)O)C(O)C(O)C3O)c3ccccn3)ccc21,Dabigatran 1-O-acylglucuronide metabolite,Dabigatran 4-O-acylglucuronide metabolite,Cn1c(CNc2ccc(C(=N)N)cc2)nc2cc(C(=O)N(CCC(=O)OC3C(C(=O)O)OC(O)C(O)C3O)c3ccccn3)ccc21
CCN1C(=O)NC(c2ccccc2)C1=O,Ethotoin,p-Hydroxyl-ethotoin,CCN1C(=O)NC(c2ccc(O)cc2)C1=O
CC1(CO)SC2C(NC(=O)C(N)c3ccc(O)cc3)C(=O)N2C1C(=O)O,Amoxicillin M3 Metabolite,Amoxicillin M4 Metabolite,CC1(C=O)SC2C(NC(=O)C(N)c3ccc(O)cc3)C(=O)N2C1C(=O)O
CC12CCC3c4ccc(O)cc4CCC3C1CC(O)C2O,Estriol,Estriol-3-glucuronide,CC12CCC3c4ccc(OC5OC(C(=O)O)C(O)C(O)C5O)cc4CCC3C1CC(O)C2O
COc1ccc(-c2cc(=S)ss2)cc1,Anethole trithione,4-Hydroxy-anethorithion (ATX),Oc1ccc(-c2cc(=S)ss2)cc1
O=C(O)COCCN1CCN(C(c2ccccc2)c2ccc(Cl)cc2)CC1,Levocetirizine,Levocetirizine O-dealkylated Metabolite (M6),O=C(O)CN1CCN(C(c2ccccc2)c2ccc(Cl)cc2)CC1
C#CC1(OC(C)=O)CCC2C3CCC4=CC(=NO)CCC4C3CCC21CC,Norgestimate,17-desacetylnorgestimate,C#CC1(O)CCC2C3CCC4=CC(=NO)CCC4C3CCC21CC
CC1(C)OC2COC3(COS(N)(=O)=O)OC(C)(C)OC3C2O1,Topiramate,"4,5-Desisopropylidene topiramate",CC1(C)OC2C(O)C(O)COC2(COS(N)(=O)=O)O1
Nc1ccc(S(=O)(=O)Nc2ccccn2)cc1,Sulfapyridine,5'-hydroxysulfapyridine,Nc1ccc(S(=O)(=O)Nc2ccc(O)cn2)cc1
COc1ccc2c(c1)c(CC(=O)OCC(=O)O)c(C)n2C(=O)c1ccc(Cl)cc1,Acemetacin,Indomethacin,COc1ccc2c(c1)c(CC(=O)O)c(C)n2C(=O)c1ccc(Cl)cc1
Cc1cccc(C)c1NC(=O)C1CCCCN1,PPX,4-OH-PPX,Cc1cc(O)cc(C)c1NC(=O)C1CCCCN1
CCCC[N+]1(C)C2CC(OC(=O)C(CO)c3ccccc3)CC1C1OC12,Butylscopolamine,BA 345 Br (Scopolamine Butylbromide),CCCC[N+]1(C)C2CC(O)CC1C1OC12
CNc1ccc(C=Cc2ccc(OCCOCCOCCF)nc2)cc1,Florbetapir F-18,[18F]AV-160 (desmethyl-[18F]AV-45),Nc1ccc(C=Cc2ccc(OCCOCCOCCF)nc2)cc1
COc1cc(C(=O)NS(=O)(=O)c2ccccc2C)ccc1Cc1cn(C)c2ccc(NC(=O)OC3CCCC3)cc12,Zafirlukast,Zafirlukast metabolite M1,COc1cc(C(=O)NS(=O)(=O)c2ccccc2C)ccc1Cc1cn(C)c2ccc(N)cc12
CC1(C)SC2C(NC(=O)COc3ccccc3)C(=O)N2C1C(=O)O,Phenoxymethylpenicillin,Penicilloic acid,CC1(C)SC(C(NC(=O)Cc2ccccc2)C(=O)O)NC1C(=O)O
CC12CCC3C(CCC4CC(=O)CCC43C)C1CCC2O,Stanolone,11-Oxo-androsterone glucuronide,CC12CC(=O)C3C(CCC4CC(OC5OC(C(=O)O)C(O)C(O)C5O)CCC43C)C1CCC2=O
CCCN(CCc1cccs1)C1CCc2c(O)cccc2C1,Rotigotine,N-despropyl-rotigotine,Oc1cccc2c1CCC(NCCc1cccs1)C2
CN(C(=O)CN(CCO)CC(=O)N(C)C(C)(C)Cc1ccccc1)C(C)(C)Cc1ccccc1,Oxetacaine,Phentermine,CC(C)(N)Cc1ccccc1
O=C(O)c1cc(N=Nc2ccc(S(=O)(=O)Nc3ccccn3)cc2)ccc1O,Sulfasalazine,Mesalazine,Nc1ccc(O)c(C(=O)O)c1
CC1CC2C(C(O)CC3(C)C2CCC3(O)C(=O)CO)C2(C)C=CC(=O)C=C12,Methylprednisolone,Methylprednisolone M13 Metabolite,CC12C=CC(=O)C=C1C(CO)CC1C2C(O)CC2(C)C1CCC2(O)C(=O)CO
OC(Cl)(Cl)C(c1ccc(Cl)cc1)c1ccccc1Cl,Mitotane β-hydroxylated metabolite,Mitotane acyl chloride metabolite,O=C(Cl)C(c1ccc(Cl)cc1)c1ccccc1Cl
Cc1cn(C2CC(N=[N+]=[N-])C(CO)O2)c(=O)[nH]c1=O,Zidovudine,3'-azido-3'-deoxy-5'- O-beta-D-glucopyranuronosylthymidine,Cc1cn(C2CC(N=[N+]=[N-])C(COC3OC(C(=O)O)C(O)C(O)C3O)O2)c(=O)nc1O
CN1CCC23c4c5ccc(O)c4OC2C(OC2OC(C(=O)O)C(O)C(O)C2O)C=CC3C1C5,Morphine glucuronide,"morphine-3,6-diglucuronide",OC1OC(Oc2ccc3c4c2OC2C(OC5OC(O)C(O)C(O)C5O)C=CC5C(C3)NCCC452)C(O)C(O)C1O
COc1ccsc1CNCCC1(c2ccccn2)CCOC2(CCC(O)C2)C1,Oxy-oliceridine,TRV0306954,COc1ccsc1CNCCC1(c2ccccn2)CCOC2(CCC(OC3OC(C(=O)O)C(O)C(O)C3O)C2)C1
CN(C)CCc1c[nH]c2ccc(Cn3cncn3)cc12,Rizatriptan,6-Hydroxy rizatriptan,CN(C)CCc1c[nH]c2cc(O)c(Cn3cncn3)cc12
CCc1cc2c(cc1N1CCC(N3CCOCC3)CC1)C(C)(C)c1[nH]c3cc(C#N)ccc3c1C2=O,Alectinib,M1a (Alectinib),CCc1cc2c(cc1N1CCC(NCCOCC(=O)O)CC1)C(C)(C)c1[nH]c3cc(C#N)ccc3c1C2=O
CCOC(=O)c1c(CS(=O)(=O)c2ccccc2)n(C)c2cc(Br)c(OS(=O)(=O)O)c(CN(C)C)c12,Arbidol M3-1 metabolite,Arbidol M9-1 metabolite,CCOC(=O)c1c(CSc2ccccc2)[nH]c2cc(Br)c(OS(=O)(=O)O)c(CN(C)C)c12
CN(C)CCCN1c2ccccc2CCc2ccccc21,Imipramine,Didemethylimipramine,NCCCN1c2ccccc2CCc2ccccc21
CC12CCC3C(CCC4CC(=O)CCC43C)C1CCC2=O,5-alpha androstanedione,Dihydrotestosterone,CC12CCC3C(CCC4CC(=O)CCC43C)C1CCC2O
CN1CCC(COc2cnc(-c3cccc(Cn4nc(-c5cccc(C#N)c5)ccc4=O)c3)nc2)CC1,Tepotinib,Tepotinib M508 metabolite,C[N+]1([O-])CCC(COc2cnc(-c3cccc(Cn4nc(-c5cccc(C#N)c5)ccc4=O)c3)nc2)CC1
CC(CN1c2ccccc2Sc2ccccc21)N(C)C,Promethazine,Promethazine Sulphoxide,CC(CN1c2ccccc2[S+]([O-])c2ccccc21)N(C)C
CNC(=C[N+](=O)[O-])NCCSCc1ccc(CN(C)C)o1,Ranitidine,Ranitidine S-Oxide,CNC(=C[N+](=O)[O-])NCC[S+]([O-])Cc1ccc(CN(C)C)o1
O=C1Cc2cc(CCN3CCN(c4nsc5ccccc45)CC3)c(Cl)cc2N1,Ziprasidone,"(6-chloro-2-oxo-2,3-dihydro-1H-indol-5-yl)acetic acid",O=C(O)Cc1cc2c(cc1Cl)NC(=O)C2
CCc1nn(CCC[N+]2([O-])CC[N+]([O-])(c3cccc(Cl)c3)CC2)c(=O)n1CC,Etoperidone M6,Etoperidone M9,CCn1c(C(C)O)nn(CCC[N+]2([O-])CC[N+]([O-])(c3cccc(Cl)c3)CC2)c1=O
CC(C)(N)Cc1ccccc1,Phentermine,p-hydroxyphentermine,CC(C)(N)Cc1ccc(O)cc1
COC(=O)C1C(OC(=O)c2ccccc2)CC2CCC1N2C,Cocaine,Benzoylecgonine,CN1C2CCC1C(C(=O)O)C(OC(=O)c1ccccc1)C2
CNc1c(C)n(C)n(-c2ccccc2)c1=O,4-methyl-amino-antipyrine (MAA),4-formyl-amino-antipyrine (FAA),Cc1c(NC=O)c(=O)n(-c2ccccc2)n1C
CCCCC(=O)OCC(=O)C1(O)Cc2c(O)c3c(c(O)c2C(OC2CC(NC(=O)C(F)(F)F)C(O)C(C)O2)C1)C(=O)c1c(OC)cccc1C3=O,Valrubicin,N-trifluoroacetyladriamycinol,COc1cccc2c1C(=O)c1c(O)c3c(c(O)c1C2=O)CC(O)(C(O)CO)CC3OC1CC(NC(=O)C(F)(F)F)C(O)C(C)O1
Nc1ccn(C2CSC(CO)O2)c(=O)n1,Lamivudine,Lamivudine-monophosphate,Nc1ccn(C2CSC(COP(=O)(O)O)O2)c(=O)n1
COc1ccccc1OCC(O)COC(N)=O,Methocarbamol,"3-(2-hydroxyphenoxy)-1,2-propanediol-1-carbamate",NC(=O)OCC(O)COc1ccccc1O
CCC(=O)OC1CCC2C3CCC4=CC(=O)CCC4(C)C3CCC12C,Testosterone propionate,Testosterone,CC12CCC(=O)C=C1CCC1C2CCC2(C)C(O)CCC12
CCOc1ccc(C(=O)C2NCCc3cc(OCC)c(OCC)cc32)cc1OCC,Drotaveraldine,4'-desethyl-drotaveraldine,CCOc1cc2c(cc1O)CCNC2C(=O)c1ccc(OCC)c(OCC)c1
Clc1ccc(C(c2ccccc2Cl)C(Cl)Cl)cc1,Mitotane,"1,1-(o,p'-dichlorodiphenyl) acetic acid",O=C(O)C(c1ccc(Cl)cc1)c1ccccc1Cl
COC(=O)C=CC(=O)O,Monomethyl fumarate,Fumaric acid,O=C(O)C=CC(=O)O
CCN(CC)C(=O)C1(c2ccccc2)CC1CN,Levomilnacipran,p-Hydroxy-levomilnacipran,CCN(CC)C(=O)C1(c2ccc(O)cc2)CC1CN
OCc1cc(C(O)CNCCCCCCOCCOCc2c(Cl)cccc2Cl)ccc1O,Vilanterol,M29 (GW630200),OCCOCCCCCCNCC(O)c1ccc(O)c(CO)c1
Cc1onc(-c2ccccc2)c1-c1ccc(S(=O)(=O)NO)cc1,Valdecoxib metabolite M2,Valdecoxib metabolite M7,Cc1onc(-c2ccccc2)c1-c1ccc(S(=O)O)cc1
CN1CCC23c4c5ccc(OCCN6CCOCC6)c4OC2C(O)C=CC3C1C5,Pholcodine,Morphine,CN1CCC23c4c5ccc(O)c4OC2C(O)C=CC3C1C5
C=C(C)C1CC=C(C)CC1,(4R)-limonene,Uroterpenol,CC1=CCC(C(C)(O)CO)CC1
Cc1nnc2c3ccccc3cnn12,3-methyl-s-triazolophthalazine,3-hydroxy-methyltriazolophthalazine,OCc1nnc2c3ccccc3cnn12
CC(C=CC1=C(C)CCCC1(C)C)=CC=CC(C)=CC(=O)O,Alitretinoin,9-cis-4-Oxoretinoic acid,CC(C=CC1=C(C)C(=O)CCC1(C)C)=CC=CC(C)=CC(=O)O
CC12CCC3c4ccc(O)cc4CCC3C1CCC2=O,Estrone,4-Hydroxyestrone sulfate,CC12CCC3c4ccc(OS(=O)(=O)O)c(O)c4CCC3C1CCC2=O
CC12C=CC(=O)C=C1CCC1C2C(O)CC2(C)C1CCC2(O)C(=O)CO,Prednisolone,Δ6-prednisolone (M-XI),CC12C=CC(=O)C=C1C=CC1C2C(O)CC2(C)C1CCC2(O)C(=O)CO
Cc1ccc(Cl)c(OCC(O)CNC(C)(C)C)c1,Bupranolol,"carboxybupranolol, 4-chloro-3-[3-(1,1-dimethylethylamino)-2-hydroxy-propyloxy]benzoic acid",CCCCNCC(O)COc1cc(C(=O)O)ccc1Cl
CNC1(c2ccccc2Cl)CCC(O)CC1=O,5-Hydroxyketamine,5-Hydroxynorketamine,NC1(c2ccccc2Cl)CCC(O)CC1=O
COc1ccc2c3c1OC1CC(=O)C=CC31CCN(C)C2,Galantaminone,O-desmethyl-galantaminone,CN1CCC23C=CC(=O)CC2Oc2c(O)ccc(c23)C1
CCOC(COc1ccc(C(F)(F)F)cc1)CSc1ccc(OCC(=O)O)c(C)c1,Seladelpar,O-desethyl-seladelpar,Cc1cc(SCC(O)COc2ccc(C(F)(F)F)cc2)ccc1OCC(=O)O
NS(=O)(=O)c1cc(C(=O)O)c(NCc2ccco2)cc1Cl,Furosemide,4-chloro-5-sulfamoylanthranilic acid,Nc1cc(Cl)c(S(N)(=O)=O)cc1C(=O)O
COc1cccc2c1C(=O)c1c(O)c3c(c(O)c1C2=O)CC(O)(C(C)=O)CC3OC1CC(N)C(O)C(C)O1,Daunorubicin,Deoxydaunorubicin aglycone,COc1cccc2c1C(=O)c1c(O)c3c(c(O)c1C2=O)CC(O)(C(C)O)CC3
O=C(O)Cc1ccccc1Nc1c(Cl)cccc1Cl,Diclofenac,diclofenac o-imine methine,C=C1C=CC=CC1=Nc1c(Cl)cccc1Cl
O=S(=O)(O)Oc1ccc(C(c2ccc(OS(=O)(=O)O)cc2)c2ccccn2)cc1,Picosulfuric acid,Bis-(p-hydroxyphenyl)-pyridyl-2-methane,Oc1ccc(C(c2ccc(O)cc2)c2ccccn2)cc1
O=C1CCC2=CC(=O)C(OCCCCN3CCN(c4cccc(Cl)c4Cl)CC3)=CC2N1,Aripiprazole unnamed metabolite 8,Aripiprazole unnamed metabolite 9,NC(CCC(=O)NC(CSC1=C2CCC(=O)NC2C=C(OCCCCN2CCN(c3cccc(Cl)c3Cl)CC2)C1O)C(=O)NCC(=O)O)C(=O)O
CC12CCC(=O)C=C1CCC1C2C(O)CC2(C)C1CCC2(O)C(=O)CO,Hydrocortisone,Tetrahydrocortisol Glucuronide 2,CC12CCC(OC3OC(C(=O)O)C(O)C(O)C3O)C=C1CCC1C2C(O)CC2(C)C1CCC2(O)C(=O)CO
Cc1ccc(C)c(OCCCC(C)(C)C(=O)O)c1,Gemfibrozil,Gemfibrozil M2 Metabolite,Cc1cc(OCCCC(C)(C)C(=O)O)c(C)cc1O
COC(=O)c1cccnc1,Methyl nicotinate,Niacin,O=C(O)c1cccnc1
Cc1cnc(NC(=O)C2=C(O)c3ccccc3S(=O)(=O)N2C)s1,Meloxicam,5'-hydroxymethyl meloxicam,CN1C(C(=O)Nc2ncc(CO)s2)=C(O)c2ccccc2S1(=O)=O
CNS(=O)(=O)Cc1ccc2[nH]cc(CCN(C)C)c2c1,Sumatriptan,Sumatriptan Metabolite GR49336,CNS(=O)(=O)Cc1ccc2[nH]cc(CC(=O)O)c2c1
CC(C)(F)CC(NC(c1ccc(-c2ccc(S(C)(=O)=O)cc2)cc1)C(F)(F)F)C(=O)NC1(C#N)CC1,Odanacatib,M10 (Odanacatib),CC(C)(F)CC(NC(c1ccc(-c2ccc(S(C)(=O)=O)cc2)cc1)C(F)(F)F)C(=O)OC1OC(C(=O)O)C(O)C(O)C1O
C=C1CCC2(O)C3Cc4ccc(O)c5c4C2(CCN3CC2CC2)C1O5,Nalmefene,Nalmefene 3-O-sulfate,C=C1CCC2(O)C3Cc4ccc(OS(=O)(=O)O)c5c4C2(CCN3CC2CC2)C1O5
NC(Cc1ccc(O)c(O)c1)C(=O)O,Levodopa,Levodopa Methylated Metabolite,COc1cc(CC(N)C(=O)O)ccc1O
Cc1nc(NC(=O)N2CCCC2C(N)=O)sc1-c1ccnc(C(C)(C)C(F)(F)F)c1,Alpelisib,Alpelisib M4 Metabolite,Cc1nc(NC(=O)N2CCCC2C(=O)O)sc1-c1ccnc(C(C)(C)C(F)(F)F)c1
CC(C)N(O)CC(O)COc1cccc2[nH]ccc12,3-Hydroxy Pindolol,Pindolol 3-glucuronide,CC(C)N(CC(O)COc1cccc2[nH]ccc12)OC1OC(C(=O)O)C(O)C(O)C1O
CCC(CO)(c1ccccc1)N(C)C,2-dimethylamino-2-phenylbutan-1-ol,2-methylamino-2-phenylbutan-1-ol ,CCC(CO)(NC)c1ccccc1
CC(=O)N1CCN(c2ccc(OCC3COC(CNC=N)(c4ccc(Cl)cc4Cl)O3)cc2)CC1,M3 (Ketoconazole),M4 (Ketoconazole),CC(=O)N1CCN(c2ccc(OCC3COC(CN)(c4ccc(Cl)cc4Cl)O3)cc2)CC1
NNc1nncc2ccccc12,Hydralazine,Phthalazinone,O=c1[nH]ncc2ccccc12
CC(C)(CO)C(O)C(=O)NCCCO,Panthenol,Pantothenic acid,CC(C)(CO)C(O)C(=O)NCCC(=O)O
CCOC(=O)c1ccc(NC(C)=O)cc1,Acetylbenzocaine,4-Acetaminobenzoic acid,CC(=O)Nc1ccc(C(=O)O)cc1
CN1CCC23c4c5ccc(O)c4OC2C(=O)CCC3C1C5,Hydromorphone,Hydromorphone glucuronide conjugate,CN1CCC23c4c5ccc(OC6OC(C(=O)O)C(O)C(O)C6O)c4OC2C(=O)CCC3C1C5
CC12CCC(=O)C=C1CCC1C3CCC(O)(C(=O)CO)C3(C)CC(O)C12F,Fludrocortisone,20β-dihydrofluorocortisol,CC12CCC(=O)C=C1CCC1C3CCC(O)(C(O)CO)C3(C)CC(O)C12F
O=C(NCCN1CCOCC1)c1ccc(Cl)cc1,Moclobemide,Moclobemide M9,O=C(O)CNC(=O)c1ccc(Cl)cc1
O=C(O)c1cc(O)c2c(c1)Cc1cccc(O)c1C2=O,Rheinanthrone,Sennidin A,O=C(O)c1cc(O)c2c(c1)C(C1c3cccc(O)c3C(=O)c3c(O)cc(C(=O)O)cc31)c1cccc(O)c1C2=O
C#CC1(O)CCC2C3CCc4cc(OC5CCCC5)ccc4C3CCC21C,Quinestrol,Ethinylestradiol,C#CC1(O)CCC2C3CCc4cc(O)ccc4C3CCC21C
Cn1nnc(-c2ccc(-c3ccc(N4CC(CO)OC4=O)cc3F)cn2)n1,Tedizolid,Tedizolid sulphate,Cn1nnc(-c2ccc(-c3ccc(N4CC(C=S(=O)(O)O)OC4=O)cc3F)cn2)n1
CCCN=C1SC(=Cc2ccc(O)c(Cl)c2)C(=O)N1c1ccccc1C,Ponesimod M32 Metabolite,Ponesimod M48 Metabolite,CCCN=C1SC(=Cc2ccc(O)c(Cl)c2)C(O)N1c1ccccc1C
CC(C)(O)c1ccccc1CCC(SCC1(CC(=O)O)CC1)c1cccc(C=Cc2ccc3ccc(Cl)cc3n2)c1,Montelukast,Montelukast metabolite M1,CC(C)(O)c1ccccc1CCC(SCC1(CC(=O)OC2OC(C(=O)O)C(O)C(O)C2O)CC1)c1cccc(C=Cc2ccc3ccc(Cl)cc3n2)c1
Clc1ccc2c(c1)C(N1CCNCC1)=Nc1ccccc1O2,Amoxapine,8-hydroxyamoxapine,Oc1ccc2c(c1)N=C(N1CCNCC1)c1cc(Cl)ccc1O2
COC(=O)c1ccc2c(c1)NC(=O)C2=C(Nc1ccc(N(C)C(=O)CN2CCN(C)CC2)cc1)c1ccccc1,Nintedanib,BIBF 1202,CN1CCN(CC(=O)N(C)c2ccc(NC(=C3C(O)=Nc4cc(C(=O)O)ccc43)c3ccccc3)cc2)CC1
COc1ccc2c3c1OC1C(=O)CCC4(O)C(C2)N(C)CCC314,Oxycodone,alpha-oxycodol,COc1ccc2c3c1OC1C(O)CCC4(O)C(C2)N(C)CCC314
Cc1ccc(C=C2C(=O)C3(C)CCC2C3(C)C)cc1,Enzacamene,3-(4-hydroxymethylbenzylidene)camphor,CC12CCC(C(=Cc3ccc(CO)cc3)C1=O)C2(C)C
NC(CO)C(O)c1ccc([N+](=O)[O-])cc1,Chloramphenicol Base,Chloramphenicol Base N-acetyl,CC(=O)NC(CO)C(O)c1ccc([N+](=O)[O-])cc1
CN(C)CCC(c1ccccc1)c1ccccn1,Pheniramine,N-desmethylpheniramine,CNCCC(c1ccccc1)c1ccccn1
NCC(O)c1ccc(O)c(O)c1,Norepinephrine,Norepinephrine sulfate,NCC(O)c1ccc(OS(=O)(=O)O)c(O)c1
C[S+](CCC(N)C(=O)[O-])CC1OC(n2cnc3c(N)ncnc32)C(O)C1O,Ademetionine,S-Adenosylhomocysteine,Nc1ncnc2c1ncn2C1OC(CSCCC(N)C(=O)O)C(O)C1O
CCC(CC)C(=O)OCOC(=O)C1=C(SC2CC[S+]([O-])C2)SC2C(C(C)O)C(=O)N12,Sulopenem etzadroxil,Sulopenem,CC(O)C1C(=O)N2C(C(=O)O)=C(SC3CC[S+]([O-])C3)SC12
CC(C(=O)O)c1cccc(Oc2ccccc2)c1,Fenoprofen,Fenoprofen glucuronide,CC(C(=O)OC1OC(C(=O)O)C(O)C(O)C1O)c1cccc(Oc2ccccc2)c1
NS(=O)(=O)Cc1noc2ccccc12,Zonisamide,N-acetyl zonisamide,CC(=O)NS(=O)(=O)Cc1noc2ccccc12
COc1ccc(CN2CCNCC2)c(OC)c1OC,Trimetazidine,2-desmethyltrimetazidine,COc1ccc(CN2CCNCC2)c(O)c1OC
CCn1c(C(C)O)nn(CCCN2CCN(c3cccc(Cl)c3)CC2)c1=O,Etoperidone M2,Etoperidone M8,CCn1c(C(C)O)nn(CCCN2CCN(c3ccc(O)c(Cl)c3)CC2)c1=O
COC(=O)C(c1ccccc1)C1CCCCN1,Dexmethylphenidate,p-hydroxy-methylphenidate,COC(=O)C(c1ccc(O)cc1)C1CCCCN1
O=C(O)CCC(NC(=O)c1ccccc1C(=O)O)C(=O)O,2-(o-carboxybenzamido)glutaric acid,Phthalic Acid,O=C(O)c1ccccc1C(=O)O
CN(C)c1ccc(O)c2c1CC1CC3C(N(C)C)C(O)=C(C(N)=O)C(=O)C3(O)C(O)=C1C2=O,Minocycline,Minocycline M3 Metabolite,CNc1ccc(O)c2c1CC1CC3C(N(C)C)C(O)=C(C(N)=O)C(=O)C3(O)C(O)=C1C2=O
CC1=C(CC(=O)O)c2cc(F)ccc2C1=Cc1ccc([S+](C)[O-])cc1,Sulindac,Sulindac sulfide,CSc1ccc(C=C2C(C)=C(CC(=O)O)c3cc(F)ccc32)cc1
CON=C1CN(c2nc3c(cc2F)c(=O)c(C(=O)O)cn3C2CC2)CC1CN,Gemifloxacin,N-acetyl gemifloxacin,CON=C1CN(c2nc3c(cc2F)c(=O)c(C(=O)O)cn3C2CC2)CC1NC(C)=O
COc1ccc2c3c1OC1C(O)CCC4C(C2)N(C)CCC341,6-β-hydrocodol,6-β-hydrocodol glucuronide conjugate,COc1ccc2c3c1OC1C(OC4OC(C(=O)O)C(O)C(O)C4O)CCC4C(C2)N(C)CCC341
Cn1c(CO)nc2cc(C(=O)N(CCC(=O)O)c3ccccn3)ccc21,Dabigatran M355,Dabigatran M369,Cn1c(C(=O)O)nc2cc(C(=O)N(CCC(=O)O)c3ccccn3)ccc21
CNC(=C[N+](=O)[O-])NCCSCc1csc(CN(C)C)n1,Nizatidine,N2-monodes-methylnizatidine,CNCc1nc(CSCCNC(=C[N+](=O)[O-])NC)cs1
CNC1CCc2[nH]c3ccc(C(N)=O)cc3c2C1,Frovatriptan,desmethyl frovatriptan,NC(=O)c1ccc2[nH]c3c(c2c1)CC(N)CC3
O=C1CN=C(c2ccccc2)c2cc(Cl)ccc2N1,Nordazepam,Nordiazepam O-glucuronide,O=C(O)C1OC(OC2CN=C(c3ccccc3)c3cc(Cl)ccc3N2)C(O)C(O)C1O
CCCCCCCCCCCCCCCCOCCCOP(=O)(O)COC(CO)Cn1ccc(N)nc1=O,Brincidofovir,Cidofovir,Nc1ccn(CC(CO)OCP(=O)(O)O)c(=O)n1
Cc1c(Cl)cc(O)cc1Nc1ccccc1C(=O)OC1OC(O)C(O)C(O)C1O,N-(2-methyl-3-chloro-5-hydroxyphenyl)-anthranilic acid form 2,N-(2-methyl-3-chloro-5-hydroxyphenyl)-anthranilic acid form 3,Cc1c(Cl)cc(OC2OC(O)C(O)C(O)C2O)cc1Nc1ccccc1C(=O)OC1CC(O)C(O)C(O)C1O
O=C1OCCN1N=Cc1ccc([N+](=O)[O-])o1,Furazolidone,3-amino-2-oxazolidone,NN1CCOC1=O
N#CCNC(=O)c1ccc(-c2ccnc(Nc3ccc(NCCO)cc3)n2)cc1,Momelotinib M16 metabolite,Momelotinib M17 metabolite,N#CCNC(=O)c1ccc(-c2ccnc(Nc3ccc(N)cc3)n2)cc1
CC1CC2C3CCC4=CC(=O)C=CC4(C)C3(Cl)C(O)CC2(C)C1(OC(=O)c1ccco1)C(=O)CCl,Mometasone furoate,6-beta-hydroxy-mometasone furoate,CC1CC2C3C(O)CC4=CC(=O)C=CC4(C)C3(Cl)C(O)CC2(C)C1(OC(=O)c1ccco1)C(=O)CCl
Cc1c(=O)n(C)c(Nc2ccc(I)cc2F)c2c(=O)n(C3CC3)c(=O)n(-c3ccc(O)c(N)c3)c12,Trametinib M3 metabolite,Trametinib M4 metabolite,Cc1c(=O)n(C)c(Nc2ccc(I)cc2F)c2c(=O)n(C3CC3)c(=O)n(-c3ccc(OC4OC(C(=O)O)C(O)C(O)C4O)c(N)c3)c12
CN1CCC(=C2c3ccccc3CC(=O)c3sccc32)CC1,Ketotifen,10-alpha-hydroxyl Ketotifen,CN1CCC(=C2c3ccccc3CC(O)c3sccc32)CC1
CC(=CC(=O)OCCCCCCCCC(=O)O)CC1OCC(CC2OC2C(C)C(C)O)C(O)C1O,Mupirocin,Monic acid,CC(=CC(=O)O)CC1CCC(CC2OC2C(C)C(C)O)C(O)C1O
CC(O)CCc1ccc2cc(OC3OC(C(=O)O)C(O)C(O)C3O)ccc2c1,4-(6-hydroxy-2-naphthyl)- butan-2-ol glucuronide (6-OH conjugated),4-(6-hydroxy-2-naphthyl)- butan-2-ol glucuronide (6-OH conjugated) glycine conjugate,CC(O)CCc1ccc2cc(OC3OC(C(=O)NCC(=O)O)C(O)C(O)C3O)ccc2c1
CNC(C)C(O)c1ccccc1,Pseudoephedrine,Norpseudoephedrine,CC(N)C(O)c1ccccc1
CCC(=O)N1CCC(Nc2ncnc3c2CN(c2cnc(OC)c(C(F)(F)F)c2)CC3)C1,Leniolisib,Leniolisib M9 metabolite,CCC(=O)N1CCC(Nc2nc[n+]([O-])c3c2CN(c2cnc(OC)c(C(F)(F)F)c2)CC3)C1
CN1CCC23CCCCC2C1Cc1ccc(O)cc13,Dextrorphan,Dextrorphan sulfate,CN1CCC23CCCCC2C1Cc1ccc(OS(=O)(=O)O)cc13
Cc1cccc(C)c1OCC(=O)NC(Cc1ccccc1)C(O)CC(Cc1ccccc1)NC(=O)C(C(C)C)N1CCCNC1=O,Lopinavir,Lopinavir M3/M4 metabolite(s),Cc1cccc(C)c1OCC(=O)NC(Cc1ccccc1)C(O)CC(Cc1ccccc1)NC(=O)C(C(C)C)N1CCC(O)NC1=O
CC(CCc1ccccc1)n1ccc2cc(O)c(O)c(C(N)=O)c21,Labetalol Theoretical Metabolite (IX),Labetalol Glucuronide Metabolite (X),CC(CCc1ccccc1)n1ccc2cc(OC3OC(C(=O)O)C(O)C(O)C3O)c(O)c(C(N)=O)c21
CSC1CC2=CC(=O)CCC2(C)C2CCC3(C)C(CCC34CCC(=O)O4)C12,7-alpha-thiomethylspironolactone,6-beta-7-alpha-thiomethylspironolactone,CSC1C(O)C2=CC(=O)CCC2(C)C2CCC3(C)C(CCC34CCC(=O)O4)C12
CC(=O)C1CCC2C3CC=C4CC(O)CCC4(C)C3CCC12C,Pregnenolone,17-Hydroxypregnenolone sulfate,CC(=O)C1(O)CCC2C3CC=C4CC(OS(=O)(=O)O)CCC4(C)C3CCC21C
N#Cc1cc(-c2n[nH]c(-c3ccncc3)n2)ccn1,Topiroxostat,Topiroxostat N-oxide,N#Cc1cc(-c2n[nH]c(-c3cc[n+]([O-])cc3)n2)ccn1
CC1CC2C3CCC4=CC(=O)C=CC4(C)C3(Cl)C(O)CC2(C)C1(O)C(=O)CCl,Mometasone,6-beta-hydroxy-mometasone furoate,CC1CC2C3C(O)CC4=CC(=O)C=CC4(C)C3(Cl)C(O)CC2(C)C1(OC(=O)c1ccco1)C(=O)CCl
COc1ccc(Br)c(OC)c1C(=O)NCC1CCC(=O)N1,Remoxipride Metabolite NCL 118,Remoxipride Metabolite NCM 009,COc1ccc(Br)c(OC)c1C(=O)NCC1(O)CCC(=O)N1
CON=C(C(=O)NC1C(=O)N2C(C(=O)O)=C(COC(C)=O)CSC12)c1csc(N)n1,Cefotaxime,Desacetyl-cefotaxime,CON=C(C(=O)NC1C(=O)N2C(C(=O)O)=C(CO)CSC12)c1csc(=N)[nH]1
O=C(O)c1cn(C2CC2)c2cc(N3CCNCC3)c(F)cc2c1=O,Ciprofloxacin,Sulfociprofloxacin,O=C(O)c1cn(C2CC2)c2cc(N3CCN(S(=O)(=O)O)CC3)c(F)cc2c1=O
COC(=O)Nc1nc2ccc(C(=O)c3ccccc3)cc2[nH]1,Mebendazole,2-amino-5-benzoylbenzimidazole,N=c1[nH]c2ccc(C(=O)c3ccccc3)cc2[nH]1
CC1(C)SC2C(NC(=O)Cc3ccccc3)C(=O)N2C1C(=O)O,Benzylpenicillin,6-aminopenicillanic acid,CC1(C)SC2C(N)C(=O)N2C1C(=O)O
COc1ccc(Oc2cc(N(C)CCOc3ccc(CC4SC(=O)NC4=O)cc3)ncn2)cc1,Lobeglitazone,M1,CN(CCOc1ccc(CC2SC(=O)NC2=O)cc1)c1cc(Oc2ccc(O)cc2)ncn1
CC#CCn1c(N2CCCC(N)C2)nc2c1c(=O)n(Cc1nc(C)c3ccccc3n1)c(=O)n2C,Linagliptin,Linagliptin M487(1),CC#CCn1c(N2CCC(=O)C(N)C2)nc2c1c(=O)n(Cc1nc(C)c3ccccc3n1)c(=O)n2C
CN(C)CCCOc1nn(Cc2ccccc2)c2ccccc12,Benzydamine,Benzydamine N-oxide,C[N+](C)([O-])CCCOc1nn(Cc2ccccc2)c2ccccc12
CCC1(c2ccccc2)C(=O)NCNC1=O,Primidone,Phenylethylmalonamide (PEMA),CCC(C(N)=O)(C(N)=O)c1ccccc1
Nc1ccc(F)c(C(=O)c2c[nH]c3ncc(-c4cccc(Cl)c4)cc23)c1F,vemurafenib intermediary metabolite,secondary metabolite of vemurafenib alternative,Nc1cccc(C(=O)c2c[nH]c3ncc(-c4ccc(Cl)cc4)cc23)c1F
COC(=O)C(c1ccc(O)cc1)C1CCCCN1,p-hydroxy-methylphenidate,p-hydroxy-ritalinic acid,O=C(O)C(c1ccc(O)cc1)C1CCCCN1
CC12C=CC(=O)C=C1CCC1C2C(=O)CC2(C)C1CCC2(O)C(=O)CO,Prednisone,6α-hydroxy-prednisone (M-XIII),CC12C=CC(=O)C=C1C(O)CC1C2C(=O)CC2(C)C1CCC2(O)C(=O)CO
C=C1C(=CC=C2CCCC3(C)C2CCC3C(C)CCCC(C)(C)O)CC(O)CC1O,Calcitriol,Calcitroic acid,C=C1C(=CC=C2CCCC3(C)C2CCC3C(C)CC(=O)O)CC(O)CC1O
CCc1nn(CCCN2CCN(c3ccc(O)c(Cl)c3)CC2)c(=O)n1CC,Etoperidone M5,Etoperidone M8,CCn1c(C(C)O)nn(CCCN2CCN(c3ccc(O)c(Cl)c3)CC2)c1=O
Cn1nnc(-c2ccc(-c3ccc(N4CC(C(=O)O)OC4=O)cc3F)cn2)n1,Carboxy tedizolid,Ring-opened tedizolid metabolite,Cn1nnc(-c2ccc(-c3ccc(NCC(=O)O)cc3F)cn2)n1
NC(=O)N1CCC(CC(=O)N2CCC(C3c4ncc(Br)cc4CCc4cc(Cl)cc(Br)c43)CC2)CC1O,Lonafarnib metabolite M1,Lonafarnib metabolite M2,NC(=O)N1C=CC(CC(=O)N2CCC(C3c4ncc(Br)cc4CCc4cc(Cl)cc(Br)c43)CC2)CC1
O=C(CCO)N(c1ccccc1)C1CCN(CCc2ccccc2)CC1,Hydroxyfentanyl,Hydroxynorfentanyl,O=C(CCO)N(c1ccccc1)C1CCNCC1
CCc1cc(C(N)=S)ccn1,Ethionamide,Ethionamide sulphoxide,CCc1cc(C(N)=S=O)ccn1
CC(Nc1cc(=O)n(C(C)C)c(=O)[nH]1)c1ccc(O)cc1,MYK-2210,MYK-2210 glucuronide,CC(Nc1cc(=O)n(C(C)C)c(=O)[nH]1)c1ccc(OC2OC(C(=O)O)C(O)C(O)C2O)cc1
NCC(=O)NC(CCCCCNOC(=O)CCCCC1SCC2NC(=O)NC21)C(=O)NCC(=O)O,Biotin Holocarboxylase Metabolite,Biocytin,NC(CCCCCNOC(=O)CCCCC1SCC2NC(=O)NC21)C(=O)O
NNCCc1ccccc1,Phenelzine,Phenethylamine,NCCc1ccccc1
O=C(OC1OC(O)C(O)C(O)C1O)c1ccccc1Nc1cccc(Cl)c1CO,N-(2-hydroxymethyl-3-chlorophenyl)-anthranilic acid,N-(2-hydroxymethyl-3-chloro-4-hydroxyphenyl)-anthranilic acid,O=C(OC1OC(O)C(O)C(O)C1O)c1ccccc1Nc1ccc(O)c(Cl)c1CO
NCCc1ccc(O)c(O)c1,Dopamine,Dopamine 3-O-sulfate,NCCc1ccc(O)c(OS(=O)(=O)O)c1
NC(CCCCCNOC(=O)CCCCC1SCC2NC(=O)NC21)C(=O)O,Biocytin,Biotin,O=C(O)CCCCC1SCC2NC(=O)NC21
CCC(=C(c1ccccc1)c1ccc(OCCN(C)C)cc1)c1ccccc1,Tamoxifen,α-hydroxytamoxifen,CC(O)C(=C(c1ccccc1)c1ccc(OCCN(C)C)cc1)c1ccccc1
Cc1ccc2c(Cl)cc(Cl)c(O)c2n1,Chlorquinaldol,Chorquinaldol Sulfate Metabolite,Cc1ccc2c(Cl)cc(Cl)c(OS(O)(O)O)c2n1
CNCCC=C1c2ccccc2CSc2ccccc21,Northiaden,Northiaden S-oxide,CNCCC=C1c2ccccc2C[S+]([O-])c2ccccc21
CCn1cc(C(=O)O)c(=O)c2cc(F)c(N3CCN(C)CC3)cc21,Pefloxacin,Pefloxacin N-oxide,CC[N+]1([O-])C=C(C(=O)O)C(=O)c2cc(F)c(N3CCN(C)CC3)cc21
C=CCc1ccccc1OCC(O)CNC(C)C,Alprenolol,4-hydroxy-alprenolol,C=CCc1cc(O)ccc1OCC(O)CNC(C)C
CC(Cc1cc2c(c(C(N)=O)c1)N(CCCO)CC2)NCCOc1ccccc1OCC(F)(F)F,Silodosin,Silodosin hydroxylated metabolite,CC(NCCOc1ccccc1OCC(F)(F)F)C(O)c1cc2c(c(C(N)=O)c1)N(CCCO)CC2
CC(=O)NCCNc1ccc(OCC2COC(Cn3ccnc3)(c3ccc(Cl)cc3Cl)O2)cc1,M10 (Ketoconazole),M15 (Ketoconazole),Nc1ccc(OCC2COC(Cn3ccnc3)(c3ccc(Cl)cc3Cl)O2)cc1
CN(CCN1CCC(OC(=O)Nc2ccccc2-c2ccccc2)CC1)C(=O)c1ccc(CN2CCC(C(N)=O)CC2)cc1,Revefenacin,THRX-195518,CN(CCN1CCC(OC(=O)Nc2ccccc2-c2ccccc2)CC1)C(=O)c1ccc(CN2CCC(C(=O)O)CC2)cc1
CC12C=CC(=O)C=C1C(O)CC1C2C(O)CC2(C)C1CCC2(O)C(=O)CO,6αhydroxy-prednisolone (M-VII),"6α,11β,17α,20β,21-pentahydroxypregnan-1,4-diene-3-one (M-X)",CC12C=CC(=O)C=C1C(O)CC1C2C(O)CC2(C)C1CCC2(O)C(O)CO
CCCCCCCCCCC(=O)OC1CCC2C3CCC4=CC(=O)CCC4(C)C3CCC12C,Testosterone undecanoate,Undecanoate,CCCCCCCCCCC(=O)O
CCN(CC)CCN1C(=O)CN=C(c2ccccc2F)c2cc(Cl)ccc21,Flurazepam,Hydroxyethylflurazepam,CCN(CCO)CCN1C(=O)CN=C(c2ccccc2F)c2cc(Cl)ccc21
CCCCCCC(=O)OCC(COC(=O)CCCCCC)OC(=O)CCCCCC,Triheptanoin,Heptanoate,CCCCCCC(=O)O
IC(I)I,Iodoform,Iodine,II
CN1CCC23c4c5ccc(O)c4OC2C(O)CCC3C1C5,6-α-hydromorphol,6-α-hydromorphol glucuronide conjugate 1,CN1CCC23c4c5ccc(OC6OC(C(=O)O)C(O)C(O)C6O)c4OC2C(O)CCC3C1C5
CNCC(O)c1ccc(O)c(O)c1,Epinephrine,Epinephrine sulfate,CNCC(O)c1ccc(OS(=O)(=O)O)c(O)c1
Cn1nnc(-c2ccc(-c3ccc(N4CC(C=S(=O)(O)O)OC4=O)cc3F)cn2)n1,Tedizolid sulphate,Desmethyl tedizolid sulphate,O=C1OC(C=S(=O)(O)O)CN1c1ccc(-c2ccc(-c3nn[nH]n3)nc2)c(F)c1
CC(O)C(C)C(=O)OC1CC(O)C=C2C=CC(C)C(CCC(O)CC(O)CC(=O)O)C21,3'(S)-hydroxy-pravastatin,3'(S)-hydroxy-pravastatin-tetranor,CC(O)C(C)C(=O)OC1CC(O)C=C2C=CC(C)C(CCC(O)O)C21
CC(CCc1ccccc1)NCC(O)c1ccc(O)c(C(N)=O)c1,Labetalol,Labetalol Phenolic Glucuronide Metabolite (III),CC(CCc1ccccc1)NCC(O)c1ccc(OC2OC(C(=O)O)C(O)C(O)C2O)c(C(N)=O)c1
N#CCNC(=O)c1ccc(-c2ccnc(Nc3ccc(N(CC(=O)O)CC(=O)O)cc3)n2)cc1,Momelotinib M5 metabolite,Momelotinib M16 metabolite,N#CCNC(=O)c1ccc(-c2ccnc(Nc3ccc(NCCO)cc3)n2)cc1
C=CC1CC1(NC(=O)C1CC(Oc2ncc(O)c3ccc(Cl)cc23)CN1C(=O)C(NC(=O)OC(C)(C)C)C(C)(C)C)C(=O)NS(=O)(=O)C1CC1,BMS-798430,BMS-558364,C=CC1CC1(NC(=O)C1CC(O)CN1C(=O)C(NC(=O)OC(C)(C)C)C(C)(C)C)C(=O)NS(=O)(=O)C1CC1
CNC1(c2ccccc2Cl)CC(O)CCC1=O,4-Hydroxyketamine,4-Hydroxynorketamine,NC1(c2ccccc2Cl)CC(O)CCC1=O
CCC(COC(=O)c1cc(OC)c(OC)c(OC)c1)(c1ccccc1)N(C)C,Trimebutine,Nortrimebutine,CCC(COC(=O)c1cc(OC)c(OC)c(OC)c1)(NC)c1ccccc1
COC1=CC(=O)CC(C)C12Oc1c(Cl)c(OC)cc(OC)c1C2=O,Griseofulvin,6-methyl-griseofulvin,COC1=CC(=O)CC(C)C12Oc1c(Cl)c(C)cc(OC)c1C2=O
C#CC1(O)CCC2C3CCC4=CC(=NO)CCC4C3CCC21CC,17-desacetylnorgestimate,Norgestrel,C#CC1(O)CCC2C3CCC4=CC(=O)CCC4C3CCC21CC
O=C1CCC(NC(=O)c2ccccc2C(=O)O)C(=O)N1,alpha-(o-carboxybenzamido)glutarimide,Phthalic Acid,O=C(O)c1ccccc1C(=O)O
c1ccc2c(N3CCNCC3)nsc2c1,"3-(piperazine-1-yl)-1,2-benzisothiazole","3-(piperazine-1-yl)-1,2-benzisothiazole sulfoxide",[O-][s+]1nc(N2CCNCC2)c2ccccc21
COc1cc(OC)cc(N(CCNC(C)C)c2ccc3ncc(-c4cnn(C)c4)nc3c2)c1,Erdafitinib,M8 Erdafitinib,COc1cc(Nc2ccc3ncc(-c4cnn(C)c4)nc3c2)cc(OC)c1
CC(=O)N1CCN(c2ccc(OCC3COC(CN4C=NC5OC54)(c4ccc(Cl)cc4Cl)O3)cc2)CC1,Ketoconazole epoxide intermediate,Ketoconazole dihydroxyl intermediate,CC(=O)N1CCN(c2ccc(OCC3COC(CN4C=NC(O)C4O)(c4ccc(Cl)cc4Cl)O3)cc2)CC1
COc1ccc2[nH]cc(CCN)c2c1,5-Methoxytryptamine,Pinoline,COc1ccc2[nH]c3c(c2c1)CCNC3
CC(CCC(=O)O)C1CCC2C3C(O)CC4CC(O)CCC4(C)C3CCC12C,Ursodeoxycholic acid,Lithocholic acid,CC(CCC(=O)O)C1CCC2C3CCC4CC(O)CCC4(C)C3CCC12C
CN(C)CCCN1c2ccccc2Sc2ccc(Cl)cc21,Chlorpromazine,N-dedimethylchlorpromazine,NCCCN1c2ccccc2Sc2ccc(Cl)cc21
CN(C)CCc1c[nH]c2cc(O)c(Cn3cncn3)cc12,6-Hydroxy rizatriptan,6-Hydroxy rizatriptan sulfate,CN(C)CCc1c[nH]c2cc(OS(=O)(=O)O)c(Cn3cncn3)cc12
CC(N)Cc1ccccc1,Dextroamphetamine,4-Hydroxy-d-amphetamine,CC(N)Cc1ccc(O)cc1
CC(=O)NCC1CN(c2ccc(N3CCOCC3)c(F)c2)C(=O)O1,Linezolid,PNU-142586,CC(=O)NCC1CN(c2ccc(N(CCO)CC(=O)O)c(F)c2)C(=O)O1
O=C1C2C3CCC(C3)C2C(=O)N1CC1CCCCC1CN1CCN(c2nsc3ccccc23)CC1,Lurasidone,ID14326,O=C1C2C3CCC(C3O)C2C(=O)N1CC1CCCCC1CN1CCN(c2nsc3ccccc23)CC1
CC#CCn1c(N2CCCC(O)C2)nc2c1c(=O)n(Cc1nc(C)c3ccccc3n1)c(=O)n2C,Linagliptin CD1790,Linagliptin M490(1),Cc1nc(Cn2c(=O)c3c(nc(N4CCCC(O)C4)n3CC#CCO)n(C)c2=O)nc2ccccc12
CC(C)NCC(O)COc1cccc2[nH]ccc12,Pindolol,Pindolol Glucuronide,CC(C)NCC(COc1cccc2[nH]ccc12)OC1OC(C(=O)O)C(O)C(O)C1O
COCCCN1CCC(NC(=O)c2cc(Cl)c(N)c3c2OCC3)CC1,Prucalopride,Prucalopride hydroxylamine,COCCCN1CCC(NC(=O)c2cc(Cl)c(NO)c3c2OCC3)CC1
CC(=O)NC(CC(C)C)C(=O)O,L-Acetylleucine,Leucine,CC(C)CC(N)C(=O)O
NC(Cc1ccc(N(CCCl)CCCl)cc1)C(=O)O,Melphalan,,NC(Cc1ccc(N(CCO)CCO)cc1)C(=O)O
COc1cc2nc(N3CCN(C(=O)c4ccco4)CC3)nc(N)c2cc1OC,Prazosin,"2,4-diamino-6,7-dimethoxyquinazoline",COc1cc2nc(N)nc(N)c2cc1OC
CC#CCn1c(NCCCC(=O)C(=O)O)nc2c1c(=O)n(Cc1nc(C)c3ccccc3n1)c(=O)n2C,Linagliptin M504(2),Linagliptin M476(1),CC#CCn1c(NCCCC(=O)O)nc2c1c(=O)n(Cc1nc(C)c3ccccc3n1)c(=O)n2C
CC1(C)CC(=O)N(CCCCN2CCN(c3ncc(O)cn3)CC2)C(=O)C1,5-OH-gepirone,5-OH 1-PP,Oc1cnc(N2CCNCC2)nc1
Cc1cc(NS(=O)(=O)c2ccc(N)cc2)no1,Sulfamethoxazole,Sulfamethoxazole N-glucuronide,Cc1cc(NS(=O)(=O)c2ccc(NOC3OC(C(=O)O)C(O)C(O)C3O)cc2)no1
O=C(O)CCNC(=O)c1ccc(N=Nc2ccc(O)c(C(=O)O)c2)cc1,Balsalazide,4-aminobenzoyl-(beta)-alanine,Nc1ccc(C(=O)NCCC(=O)O)cc1
CC12CCC3c4ccc(OC(=O)c5ccccc5)cc4CCC3C1CCC2O,Estradiol benzoate,Estradiol,CC12CCC3c4ccc(O)cc4CCC3C1CCC2O
CCCN1CCCCC1C(=O)Nc1c(C)cccc1C,Ropivacaine,2-Hydroxymethylropivacaine,CCCN1CCCCC1C(=O)Nc1c(C)cccc1CO
Cc1c(Cl)cccc1Nc1ccccc1C(=O)O,Tolfenamic acid,N-(2-methyl-3-chloro-5-hydroxyphenyl)-anthranilic acid,Cc1c(Nc2ccccc2C(=O)O)ccc(CC2OC(O)C(O)C(O)C2O)c1Cl
Cc1c(OCC(F)(F)F)ccnc1C[S+]([O-])c1nc2c(OS(=O)(=O)O)cccc2[nH]1,4-Sulfonyloxy dexlansoprazole,4-Sulfonyloxy dexlansoprazole sulfide,Cc1c(OCC(F)(F)F)ccnc1CSc1nc2cccc(OS(=O)(=O)O)c2[nH]1
CC(Cc1ccccc1)NC(=O)C(N)CCCCN,Lisdexamfetamine,Dextroamphetamine,CC(N)Cc1ccccc1
CCCC(NC(C)C(=O)N1C(C(=O)O)CC2CCCCC21)C(=O)OCC,Perindopril,Perindopril Acyl-beta-D-glucuronide,CCCC(NC(C)C(=O)N1C(C(=O)OC2OC(C(=O)O)C(O)C(O)C2O)CC2CCCCC21)C(=O)OCC
C=C1C=CC=CC1=Nc1c(Cl)cccc1Cl,diclofenac o-imine methine,"2-(2,6-dichlorophenylamino)-benzyl-S-thioether glutathione",NC(CCC(=O)NC(CSCC1C=CC=CC1=Nc1c(Cl)cccc1Cl)C(=O)NCC(=O)O)C(=O)O
O=[N+]([O-])C(Br)(CO)CO,Bronopol,Bromonitroethanol,O=[N+]([O-])C(Br)CO
Cc1c(OCC(F)(F)F)ccnc1C[S+]([O-])c1nc2ccccc2[nH]1,Dexlansoprazole,5-Glucuronyloxy dexlansoprazole,Cc1c(OCC(F)(F)F)ccnc1C[S+]([O-])c1nc2ccc(OC3OC(C(=O)O)C(O)C(O)C3O)cc2[nH]1
COc1ccc(CN2CCNCC2)c(O)c1OC,2-desmethyltrimetazidine,2-desmethyltrimetazidine O-sulphate,COc1ccc(CN2CCNCC2)c(OS(=O)(=O)O)c1OC
COC(=O)c1c(C)nc(C)c(C(=O)OCC(C)=O)c1-c1ccccc1[N+](=O)[O-],Aranidipine M-3,Aranidipine M-4,COC(=O)c1c(C)nc(C)c(C(=O)OCC(C)O)c1-c1ccccc1[N+](=O)[O-]
OCc1cc(C(O)CNCCCCCCOCCCCc2ccccc2)ccc1O,Salmeterol,Salmeterol O-dealkylated Metabolite,O=C(O)CCCCCNCC(O)c1ccc(O)c(CO)c1
CC(=O)N1CCN(c2ccc(OCC3COC(CN4C=NC(O)C4O)(c4ccc(Cl)cc4Cl)O3)cc2)CC1,Ketoconazole dihydroxyl intermediate,M5' (Ketoconazole),CC(=O)N1CCN(c2ccc(OCC3COC(CN4C=NC(=O)C4=O)(c4ccc(Cl)cc4Cl)O3)cc2)CC1
CCCCCC(O)C=CC1C(O)CC2OC(=CCCCC(=O)O)CC21,Epoprostenol,6-Keto-PGF1-alpha,CCCCCC(O)C=CC1C(O)CC(O)C1CC(=O)CCCCC(=O)O
O=C1OC(C(O)CO)C(O)=C1O,Ascorbic acid,Dehydroascorbate,O=C1OC(C(O)CO)C(=O)C1=O
COc1ccc(N)c(C(=O)Nc2ccc(Cl)cn2)c1,PRT062803,PRT062982,COc1cc(O)c(N)c(C(=O)Nc2ccc(Cl)cn2)c1
CC(=CC1C(C(=O)OC2CC(=O)C(CC3CO3)=C2C)C1(C)C)C(=O)O,M8 (Bioallethrin),M9 (Bioallethrin),CC(=CC1C(C(=O)OC2CC(=O)C(CC(O)CO)=C2C)C1(C)C)C(=O)O
CCCCCCCCCCCC(=O)OCN1C(=O)CCc2ccc(OCCCCN3CCN(c4cccc(Cl)c4Cl)CC3)cc21,Aripiprazole lauroxil,N-hydroxymethyl-aripiprazole,O=C1CCc2ccc(OCCCCN3CCN(c4cccc(Cl)c4Cl)CC3)cc2N1CO
CC#CC(=O)NCCCC(=O)c1nc(-c2ccc(C(=O)Nc3ccccn3)cc2)c2c(N)nccn12,Acalabrutinib M27 Metabolite (ACP-5862),Acalabrutinib M16 Metabolite,CC#CC(=O)NCCCC(O)c1nc(-c2ccc(C(=O)Nc3ccccn3)cc2)c2c(N)nccn12
C=C1CC2C3CCC4=CC(=O)CCC4C3CCC2(C)C1(OC(C)=O)C(C)=O,Segesterone acetate,"3α, 5α-tetrahydrosegesterone acetate",C=C1CC2C3CCC4CC(O)CCC4C3CCC2(C)C1(OC(C)=O)C(C)=O
Cc1c(N(C)CS(=O)(=O)O)c(=O)n(-c2ccccc2)n1C,Metamizole,4-methyl-amino-antipyrine (MAA),CNc1c(C)n(C)n(-c2ccccc2)c1=O
CCN1CCCC1CNC(=O)c1c(OC)ccc(Br)c1OC,Remoxipride,Remoxipride Metabolite FLA 838,COc1ccc(Br)c(OC)c1C(=O)NCC1CCCN1
CC#CC(=O)N1CCCC1c1nc(-c2ccc(C(=O)Nc3ccccn3)cc2)c2c(N)nccn12,Acalabrutinib,Acalabrutinib M2 Metabolite,CC#CC(=O)NCCCC(=O)c1nc(-c2ccc(C(=O)O)cc2)c2c(N)nccn12
CN1CCN(CCCN2c3ccccc3Sc3ccc(Cl)cc32)CC1,Prochlorperazine,Prochlorperazine 7-hydroxide,CN1CCN(CCCN2c3ccc(O)cc3Sc3ccc(Cl)cc32)CC1
Oc1cccc2cccnc12,Oxyquinoline,Glucuronide Conjugate (Oxyquinoline),OCC1OC(Oc2cccc3cccnc23)C(O)C(O)C1O
CCCCCCC(=O)Oc1ccc2c(c1)CCC1C2CCC2(C)C(OC(=O)CCCCCC)CCC12,Estradiol dienanthate,Estradiol,CC12CCC3c4ccc(O)cc4CCC3C1CCC2O
COC(=O)C(c1ccccc1)C1CCCC(=O)N1,6-oxo-methylphenidate,oxo-Ritalinic acid,O=C1CCCC(C(C(=O)O)c2ccccc2)N1
Cc1nc(Nc2ncc(C(=O)Nc3c(C)cccc3Cl)s2)cc(N2CCN(CCO)CC2)n1,Dasatinib,Dasatinib M6 metabolite,Cc1nc(Nc2ncc(C(=O)Nc3c(C)cccc3Cl)s2)cc(N2CCN(CC(=O)O)CC2)n1
COc1ccc2[nH]c([S+]([O-])Cc3ncc(C)c(OC)c3C)nc2c1,Esomeprazole,Active Metabolite of Esomeprazole,COc1ccc2nc3n(c2c1)SCc1c(C)c(OC)c(C)c[n+]1-3
CC1CC2C3CC(F)C4=CC(=O)C=CC4(C)C3(F)C(O)CC2(C)C1(OC(=O)c1ccco1)C(=O)SCF,Fluticasone furoate,M21 fluticasone furoate,CC1CC2C3CC(O)C4=CC(=O)C=CC4(C)C3(F)C(O)CC2(C)C1(OC(=O)c1ccco1)C(=O)SCF
CC(=O)CCCCn1c(=O)c2c(ncn2C)n(C)c1=O,Pentoxifylline,"M5, Pentoxifylline C-4 carboxylic acid",Cn1cnc2c1c(=O)n(CCCC(=O)O)c(=O)n2C
Oc1ccc(O)cc1,Hydroquinone,hydroquinone sulfate,O=S(=O)(O)Oc1ccc(O)cc1
CN1C(=O)C(O)N=C(c2ccccc2)c2cc(Cl)ccc21,Temazepam,Oxazepam glucuronide,O=C(O)C1OC(OC2N=C(c3ccccc3)c3cc(Cl)ccc3N=C2O)C(O)C(O)C1O
CCCN=C1SC(=Cc2ccc(OCC(O)CO)c(Cl)c2)C(=O)N1c1ccccc1C,Ponesimod,Ponesimod M32 Metabolite,CCCN=C1SC(=Cc2ccc(O)c(Cl)c2)C(=O)N1c1ccccc1C
CCC=CCC=CCC=CCCCCCCCC(=O)O,alpha-Linolenic acid,Docosahexaenoic acid,CCC=CCC=CCC=CCC=CCC=CCC=CCCC(=O)O
O=C(O)C(=O)C(=O)C(O)C(O)CO,"2,3-dikeogulonic acid",Threosone,O=CC(=O)C(O)CO
NC(=O)NS(=O)(=O)c1ccc(Cl)cc1,4-Chlorobenzenesulfonylurea,4-Chlorobenzenesulfonamide,NS(=O)(=O)c1ccc(Cl)cc1
Nc1cccc2c1CN(C1CCC(=O)NC1=O)C2=O,Lenalidomide,N-acetyl-lenalidomide,CC(=O)Nc1cccc2c1CN(C1CCC(O)=NC1=O)C2=O
O=C1CCC(N2C(=O)c3ccccc3C2=O)C(=O)N1,Thalidomide,2-phthalimidoglutaramic acid,NC(=O)CCC(C(=O)O)N1C(=O)c2ccccc2C1=O
CCN(CC)CCOC(=O)c1ccc(N)cc1Cl,Chloroprocaine,2-chloro-p-aminobenzoic acid,Nc1ccc(C(=O)O)c(Cl)c1
CCN1C(=O)CCC1CNC(=O)c1c(OC)ccc(Br)c1OC,Remoxipride Metabolite FLA 850,Remoxipride Metabolite NCL 118,COc1ccc(Br)c(OC)c1C(=O)NCC1CCC(=O)N1
COc1ccc2[nH]cc(CCNC(C)=O)c2c1,Melatonin,5-Methoxytryptamine,COc1ccc2[nH]cc(CCN)c2c1
O=C1CCc2cc(O)c(OCCCCN3CCN(c4cccc(Cl)c4Cl)CC3)cc2N1,Aripiprazole unnamed metabolite 7,Aripiprazole unnamed metabolite 8,O=C1CCC2=CC(=O)C(OCCCCN3CCN(c4cccc(Cl)c4Cl)CC3)=CC2N1
CC(CCC(=O)O)C1CCC2C3C(=O)CC4CC(O)CCC4(C)C3CCC12C,7-oxo-lithocholic acid,Chenodeoxycholic acid,CC(CCC(=O)O)C1CCC2C3C(O)CC4CC(O)CCC4(C)C3CCC12C
C#CC1(O)CCC2C3CCC4=CC(=O)CCC4C3C(=C)CC21CC,Etonogestrel,Etonogestrel sulfate,C#CC1(O)CCC2C3CCC4=CC(OS(=O)(=O)C(C)C)CCC4C3C(=C)CC21CC
CC1(C)CC(=O)N(CCCCN2CCN(c3ncccn3)CC2)C(=O)C1,Gepirone,2-piperazinyl-OH-gepirone,CC1(C)CC(=O)N(CCCCN2CCN(c3ncccn3)C(O)C2)C(=O)C1
O=C(O)C(Nc1cncc(F)c1)c1ccccc1Cl,Ivosidenib M39 metabolite,Ivosidenib M37 metabolite,O=C(O)C(c1ccccc1Cl)N(O)c1cncc(F)c1
C=C1CCC(O)CC1=CC=C1CCCC2(C)C1CCC2C(C)CCCC(C)C,Cholecalciferol,"(23S)-23,25-dihdroxy-24-oxovitamine D3 23-(beta-glucuronide)",C=C1CCC(O)CC1=CC=C1CCCC2(C)C1CCC2C(C)CC(OC1OC(C(=O)O)C(O)C(O)C1O)C(=O)C(C)(C)O
CN1C2CCC1CC(OC(=O)C(CO)c1ccccc1)C2,Hyoscyamine,Tropic acid,O=C(O)C(CO)c1ccccc1
CC(NCCCc1cccc(C(F)(F)F)c1)c1cccc2ccccc12,Cinacalcet,hydroxy-hydrocinnamic acid,O=C(O)CCc1cccc(O)c1
CN1c2c(oc(=O)n(-c3ccccn3)c2=O)-c2ccccc2S1(=O)=O,Droxicam,Piroxicam,CN1C(C(=O)Nc2ccccn2)=C(O)c2ccccc2S1(=O)=O
CC1CNCCc2ccc(Cl)cc21,Lorcaserin,Lorcaserin sulfamate,CC1CN(S(=O)(=O)O)CCc2ccc(Cl)cc21
COc1cccc2c1C(=O)c1c(O)c3c(c(O)c1C2=O)CC(O)(C(=O)CO)CC3OC1CC(N)C(O)C(C)O1,Doxorubicin,Doxorubicine hydroxyaglycone,COc1cccc2c1C(=O)c1c(O)c3c(c(O)c1C2=O)CC(O)(C(=O)CO)CC3O
COc1cc2nc(N3CCN(C(=O)C4CCCO4)CC3)nc(N)c2cc1OC,Terazosin,Free Piperazine Derivative,COc1cc2nc(N3CCNCC3)nc(N)c2cc1OC
COc1ccc2c3c1OC1C(OC(=O)c4ccccc4)=CCC4C(C2)N(C)CCC314,Benzhydrocodone,Hydrocodone,COc1ccc2c3c1OC1C(=O)CCC4C(C2)N(C)CCC314
CC12CCC(=O)C=C1CC(S)C1C2CCC2(C)C1CCC21CCC(=O)O1,7-alpha-thiospironolactone,7-alpha-thiomethylspironolactone,CSC1CC2=CC(=O)CCC2(C)C2CCC3(C)C(CCC34CCC(=O)O4)C12
COc1c(O)ccc(CN2CCNCC2)c1OC,4-desmethyltrimetazidine,4-desmethyltrimetazidine O-sulphate,COc1c(CN2CCNCC2)ccc(OS(=O)(=O)O)c1OC
Cc1cnc(C(=O)NCCc2ccc(S(=O)(=O)NC(=O)NC3CCCCC3)cc2)cn1,Glipizide,3-cis-Hydroxyglipizide,Cc1cnc(C(=O)NCCc2ccc(S(=O)(=O)NC(=O)NC3CCCC(O)C3)cc2)cn1
CCC=C(CCC)C(=O)O,2-ene-Valproic acid,3-Hydroxyvalproic acid,CCCC(C(=O)O)C(O)CC
N=c1nc(O)n(C2CSC(CO)O2)cc1F,Emtricitabine,Emtricitabine O-glucuronide (M-II),Nc1nc(=O)n(C2CSC(COC3OC(C(O)O)C(O)C(O)C3O)O2)cc1F
CCOC(=O)C(CCc1ccccc1)NC(C)C(=O)N1Cc2ccccc2CC1C(=O)O,Quinapril,Quinapril Metabolite PD109488,CCOC(=O)C(CCc1ccccc1)N1C(=O)C2Cc3ccccc3CN2C(=O)C1C
CC(C=CC1=C(C)C(O)CCC1(C)C)=CC=CC(C)=CC(=O)O,4-hydroxy-13-cis-retinoic acid,4-oxo-13-cis-retinoic acid,CC(C=CC1=C(C)C(=O)CCC1(C)C)=CC=CC(C)=CC(=O)O
COc1ccccc1OCC(O)CO,Guaifenesin,beta-(2-methoxyphenoxy)-lactic acid,COc1ccccc1OCC(O)C(=O)O
OCCOCCN1CCN(C2=Nc3ccccc3Sc3ccccc32)CC1,Quetiapine,Quetiapine sulfoxide,[O-][S+]1c2ccccc2N=C(N2CCN(CCOCCO)CC2)c2ccccc21
CC1(C=O)SC2C(NC(=O)C(N)c3ccc(O)cc3)C(=O)N2C1C(=O)O,Amoxicillin M4 Metabolite,Amoxicillin M5 Metabolite,CC1(C(=O)O)SC2C(NC(=O)C(N)c3ccc(O)cc3)C(=O)N2C1C(=O)O
O=C1Nc2ccc(Cl)cc2C(c2ccccc2Cl)=NC1O,Lorazepam,Lorazepam glucuronide,O=C(O)C1OC(OC2N=C(c3ccccc3Cl)c3cc(Cl)ccc3N=C2O)C(O)C(O)C1O
CCCC1OC2CC3C4CCC5=CC(=O)C=CC5(C)C4C(O)CC3(C)C2(C(=O)CO)O1,Budesonide,22-hydroxy Intermediate Metabolite of Budesonide,CCCC1(O)OC2CC3C4CCC5=CC(=O)C=CC5(C)C4C(O)CC3(C)C2(C(=O)CO)O1
NC(N)=Nc1nc(CSCCC(N)=NS(N)(=O)=O)cs1,Famotidine,Famotidine S-oxide,NC(N)=Nc1nc(C[S+]([O-])CCC(N)=NS(N)(=O)=O)cs1
COC(=O)C1=C(C)NC(C)=C(C(=O)OCC(C)O)C1c1ccccc1[N+](=O)[O-],Aranidipine M-1,Aranidipine M-4,COC(=O)c1c(C)nc(C)c(C(=O)OCC(C)O)c1-c1ccccc1[N+](=O)[O-]
O=C(O)Cc1ccccc1,Phenylacetic acid,4-hydroxyphenylacetic acid,O=C(O)Cc1ccc(O)cc1
NC(=O)N1c2ccccc2CC(O)c2ccccc21,Eslicarbazepine [(S)-licarbazepine],Eslicarbazepine-O-glucuronide,NC(=O)N1c2ccccc2CC(NC(C=O)CCC(=O)O)c2ccccc21
N=C(N)NCc1cccc(I)c1,Iobenguane sulfate I-123,m-Iodohippuric acid,O=C(O)CNC(=O)c1cccc(I)c1
C=CCC1(CC(C)C)C(=O)NC(=O)NC1=O,Butalbital,"5-isobutyl-5-(2,3-dihydroxypropyl) barbituric acid",CC(C)CC1(CC(O)CO)C(=O)NC(=O)NC1=O
CC(=O)Oc1cc(C(F)(F)F)ccc1C(=O)O,Triflusal,2-hydroxy-4-trifluoromethyl benzoic acid,O=C(O)c1ccc(C(F)(F)F)cc1O
C=CCC1=C(C)C(OC(=O)C2C(C=C(C)C(=O)O)C2(C)C)CC1=O,M3 (Bioallethrin),M4 (Bioallethrin),CC(=CC1C(C(=O)O)C1(C)C)C(=O)O
CCOC(=O)CC(SP(=S)(OC)OC)C(=O)OCC,Malathion,Malathion monocarboxylic acid,CCOC(=O)C(CC(=O)O)SP(=S)(OC)OC
CC1CC2C3CC(F)C4=CC(=O)C=CC4(C)C3(F)C(O)CC2(C)C1(OC(=O)c1ccco1)C(=O)O,M10 (GW694301X),M26 fluticasone furoate,CC1CC2C3CC(O)C4=CC(=O)C=CC4(C)C3(F)C(O)CC2(C)C1(OC(=O)c1ccco1)C(=O)O
O=c1n(CCCN2CCN(c3cccc(Cl)c3)CC2)nc2ccccn12,Trazodone,triazolopyridinone epoxide,O=c1n(CCCN2CCN(c3cccc(Cl)c3)CC2)nc2n1C=CC1OC21
Cc1ccccc1C(OCCN(C)C)c1ccccc1,Orphenadrine,"N,N-didemethyl orphenadrine",Cc1ccccc1C(OCCN)c1ccccc1
Cn1cnc2c(F)c(Nc3ccc(Br)cc3Cl)c(C(=O)NOCCO)cc21,Selumetinib,M14 (AZ12791138),Cn1cnc2c(F)c(Nc3ccc(Br)cc3Cl)c(C(N)=O)cc21
CC12CCC3C(CCC4=CC(=O)CCC43C)C1CCC2=O,Androstenedione,5-alpha androstanedione,CC12CCC3C(CCC4CC(=O)CCC43C)C1CCC2=O
CC(=O)c1c(C)c2cnc(Nc3ccc(N4CCNCC4)cn3)nc2n(C2CCCC2)c1=O,Palbociclib,Palbociclib M5,CC(=O)c1c(C)c2cnc(Nc3ccc(N4CCNC(=O)C4)cn3)nc2n(C2CCCC2)c1=O
CCn1cc(C(=O)O)c(=O)c2ccc(C)nc21,Nalidixic acid,Hydroxynalidixic acid,CCn1cc(C(=O)O)c(=O)c2ccc(CO)nc21
CCCCCC=CCC=CCCCCCCCC(=O)O,Linoleic acid,Arachidonic Acid,CCCCCC=CCC=CCC=CCC=CCCCC(=O)O
COc1ccc2cc(C(C)C(=O)O)ccc2c1,Naproxen,Naproxen O-glucuronide,COc1ccc2cc(C(C)C(=O)OC3OC(C(=O)O)C(C)C(C)C3C)ccc2c1
OC1C(O)C(O)C(O)C(O)C1O,Inositol,Glucuronic acid,O=C(O)C1OC(O)C(O)C(O)C1O
O=C(NCC[N+]1([O-])CCOCC1)c1ccc(Cl)cc1,Moclobemide M5,Moclobemide M6,O=C(NCC[N+]1([O-])CCOCC1O)c1ccc(Cl)cc1
COCCCOc1ccnc(C[S+]([O-])c2nc3ccccc3[nH]2)c1C,Rabeprazole,Active Metabolite of Rabeprazole,COCCCOc1cc2[n+](cc1C)-c1nc3ccccc3n1SC2
C#CC1(O)CCC2C3CCC4=Cc5oncc5CC4(C)C3CCC21C,Danazol,17-hydroxymethylethisterone,C#CC1(O)CCC2C3CCC4=CC(=O)C(CO)CC4(C)C3CCC21C
CCCC1(O)OC2CC3C4CCC5=CC(=O)C=CC5(C)C4C(O)CC3(C)C2(C(=O)CO)O1,,16alpha-butyrloxyprednisolone,CCCC(=O)OC1CC2C3CCC4=CC(=O)C=CC4(C)C3C(O)CC2(C)C1(O)C(=O)CO
CCc1ccc(CCOc2ccc(CC3SC(=O)NC3=O)cc2)nc1,Pioglitazone,Pioglitazone metabolite M-I,O=C1NC(=O)C(Cc2ccc(O)cc2)S1
CC(=O)CCc1ccc2cc(OC3OC(C(=O)O)C(O)C(O)C3O)ccc2c1,4-(6-Hydroxy-2-naphthyl)- butan-2-one glucuronide,4-(6-Hydroxy-2-naphthyl)- butan-2-one glucuronide glycine conjugate,CC(=O)CCc1ccc2cc(OC3OC(C(=O)NCC(=O)O)C(O)C(O)C3O)ccc2c1
O=[N+]([O-])OC1COC2C(O)COC12,Isosorbide mononitrate,Isosorbide mononitrate 2-glucuronide,O=C(O)C1OC(OC2COC3C(O[N+](=O)[O-])COC23)C(O)C(O)C1O
Nc1nc(=O)c2c([nH]1)NC1OC3COP(=O)(O)OC3C(O)(O)C1N2,Fosdenopterin,Compound Z,N=c1nc(O)c2nc(C(=O)C3OP(=O)(O)OCC3O)cnc2[nH]1
CC(=O)Oc1ccc(C(c2ccc(OC(C)=O)cc2)c2ccccn2)cc1,Bisacodyl,Bis-(p-hydroxyphenyl)-pyridyl-2-methane,Oc1ccc(C(c2ccc(O)cc2)c2ccccn2)cc1
CCOCCn1c(N2CCCN(C)CC2)nc2ccccc21,Emedastine,6-hydroxyemedastine,CCOCCn1c(N2CCCN(C)CC2)nc2ccc(O)cc21
CN1C(=O)C(O)N=C(c2ccccc2Cl)c2cc(Cl)ccc21,Lormetazepam,Lormetazepam glucuronide,CN1C(=O)C(OC2OC(C(=O)O)C(O)C(O)C2O)N=C(c2ccccc2Cl)c2cc(Cl)ccc21
C[N+](C)(C)CC(O)CC(=O)[O-],Levocarnitine,[3H]-gamma-Butyrobetaine,C[N+](C)(C)CCCC(=O)O
Cc1c(OCC(F)(F)F)ccnc1C[S+]([O-])c1nc2ccc(OC3OC(C(=O)O)C(O)C(O)C3O)cc2[nH]1,5-Glucuronyloxy dexlansoprazole,5-glucuronyloxy dexlansoprazole sulfide,Cc1c(OCC(F)(F)F)ccnc1CSc1nc2ccc(OC3OC(C(=O)O)C(O)C(O)C3O)cc2[nH]1
Cc1onc(-c2ccccc2)c1-c1ccc(S(N)(=O)=O)cc1,Valdecoxib,Valdecoxib metabolite M2,Cc1onc(-c2ccccc2)c1-c1ccc(S(=O)(=O)NO)cc1
CC12CCC3C4CCC(=O)C=C4CCC3C1CCC2O,Nandrolone,19-Noretiocholanolone,CC12CCC3C4CCC(O)CC4CCC3C1CCC2O
COc1cc2c(cc1OC)C1CC(=O)C(CC(C)C)CN1CC2,Tetrabenazine,b-dihydrotetrabenazine,COc1cc2c(cc1OC)C1CC(O)C(CC(C)C)CN1CC2
CCOc1ccc(Cc2cc(C3OC(CO)C(O)C(O)C3O)ccc2Cl)cc1,Dapagliflozin,"Dapagliflozin BMS-639432, M12 metabolite",CCOc1ccc(C(O)c2cc(C3OC(CO)C(O)C(O)C3O)ccc2Cl)cc1
CC12C=CC(=O)C=C1CCC1C2C(=O)CC2(C)C1CCC2(O)C(O)CO,20β-dihydro-prednisone (M-IV),"17α,20ξ,21-trihydroxy-5ξ-pregn-1-en-3,11-dione(M-XVIII)",CC12C=CC(=O)CC1CCC1C2C(=O)CC2(C)C1CCC2(O)C(O)CO
CC12CCC3c4ccc(O)cc4CCC3C1CCC2O,Estradiol,17-beta-Estradiol glucuronide,CC12CCC3c4ccc(O)cc4CCC3C1CCC2OC1OC(C(=O)O)C(O)C(O)C1O
NNCCc1ccc(O)cc1,4- hydroxyphenelzine,4-hydroxyphenylacetic acid,O=C(O)Cc1ccc(O)cc1
Cn1c(CNc2ccc(C(=N)N)cc2)nc2cc(C(=O)O)ccc21,BIBR1151/M324,Dabigatran M500,Cn1c(CNc2ccc(C(=N)N)cc2)nc2cc(C(=O)OC3OC(C(=O)O)C(O)C(O)C3O)ccc21
CC(=O)N1CCN(c2ccc(OCC3COC(Cn4ccnc4)(c4ccc(Cl)cc4Cl)O3)cc2)C(O)C1,M9 (Ketoconazole),M12 (Ketoconazole),CC(=O)N1CCN(c2ccc(OCC3COC(Cn4ccnc4)(c4ccc(Cl)cc4Cl)O3)cc2)C(=O)C1
CC(Nc1cc(=O)n(C(C)C)c(=O)[nH]1)c1ccccc1,Mavacamten,MYK-1078,CC(Nc1cc(=O)n(C(C)CO)c(=O)[nH]1)c1ccccc1
O=C(O)NC(CC(=O)N1CCn2c(nnc2C(F)(F)F)C1)Cc1cc(F)c(F)cc1F,Sitagliptin Unnamed Metabolite,Sitagliptin M4 Metabolite,O=C(NC(CC(=O)N1CCn2c(nnc2C(F)(F)F)C1)Cc1cc(F)c(F)cc1F)OC1OC(C(=O)O)C(O)C(O)C1O
CCOc1nc2cccc(C(=O)OCc3oc(=O)oc3C)c2n1Cc1ccc(-c2ccccc2-c2noc(=O)[nH]2)cc1,Azilsartan medoxomil,Azilsartan,CCOc1nc2cccc(C(=O)O)c2n1Cc1ccc(-c2ccccc2-c2nc(=O)o[nH]2)cc1
CN(C)C(=O)C(CCN1CCC(O)(c2ccc(Cl)cc2)CC1)(c1ccccc1)c1ccccc1,Loperamide,Loperamide carbinolamide metabolite,CN(CO)C(=O)C(CCN1CCC(O)(c2ccc(Cl)cc2)CC1)(c1ccccc1)c1ccccc1
COC(=O)c1c(C)nc(C)c(C(=O)OCC(C)O)c1-c1ccccc1[N+](=O)[O-],Aranidipine M-4,Aranidipine M-5,COC(=O)c1c(C)nc(C)c(C(=O)O)c1-c1ccccc1[N+](=O)[O-]
CN1CCC23c4c5ccc(O)c4OC2C(O)C=CC3C1C5,Morphine,Morphine ethereal sulfate,CN1CCC23c4c5ccc(OS(=O)(=O)O)c4OC2C(OS(=O)(=O)O)C=CC3C1C5
CN1C(=O)CN=C(c2ccccc2)c2cc(Cl)ccc21,Diazepam,desmethyldiazepam,O=C1CN=C(c2ccccc2)c2cc(Cl)ccc2N1
NCCCCC(NC(=O)C(Cc1c[nH]cn1)NC(=O)CN)C(=O)O,Prezatide,Histidyl-lysine,NCCCCC(NC(=O)C(N)Cc1cnc[nH]1)C(=O)O
CC(C)NCC(O)c1cc(O)cc(O)c1,Orciprenaline,Orciprenaline-3-O-sulfate,CC(C)NCC(O)c1cc(O)cc(OS(=O)(=O)O)c1
Nc1ccc(C(O)C(N)CO)cc1,Chloramphenicol Aryl Amine,Chloramphenicol Aryl Amide,CC(=O)Nc1ccc(C(O)C(N)CO)cc1
Cc1c(=O)n(C)c(Nc2ccc(I)cc2F)c2c(=O)n(C3CC3)c(=O)n(-c3cccc(N)c3)c12,Trametinib M1 metabolite,Trametinib M2 metabolite,Cc1c(=O)n(C)c(Nc2ccc(I)cc2F)c2c(=O)n(C3CC3)c(=O)n(-c3cccc(NC4OC(C(=O)O)C(O)C(O)C4O)c3)c12
O=C1OC(C(O)CO)C(=O)C1=O,Dehydroascorbate,"2,3-dikeogulonic acid",O=C(O)C(=O)C(=O)C(O)C(O)CO
CCCCc1oc2ccc(NS(C)(=O)=O)cc2c1C(=O)c1ccc(OCCCN(CCCC)CCCC)cc1,Dronedarone,C-dealkyl-dronedarone,CCCCN(CCCC)CCCOc1ccc(C(=O)O)cc1
CN(C)CCC=C1c2ccccc2CSc2ccccc21,Dosulepin,Dosulepin S-oxide,CN(C)CCC=C1c2ccccc2C[S+]([O-])c2ccccc21
CCCCC(=O)OC1CCC2C3CCc4cc(O)ccc4C3CCC12C,Estradiol valerate,Estradiol,CC12CCC3c4ccc(O)cc4CCC3C1CCC2O
COc1nc(N)nc2[nH]cnc12,6-O-methylguanine,Guanine,Nc1nc(=O)c2[nH]cnc2[nH]1
CC(=NNc1nncc2ccccc12)C(=O)O,Hydralazine pyruvate hydrazone,Hydralazine pyruvate hydrazone tricyclic dehydration product,Cc1nnc2c3ccccc3cnn2c1=O
CC12CCC3C(CCC4=C(O)C(=O)CCC43C)C1CCC2=O,Formestane,4-Hydroxyandrostenedione glucuronide,CC12CCC3C(CCC4=C(OC5OC(C(=O)O)C(O)C(O)C5O)C(=O)CCC43C)C1CCC2=O
Oc1ccc(C(O)c2ccc(Cl)cc2)cc1,Levocetirizine N-dealkylated and Aromatic Hydroxylated Metabolite (M9),Levocetirizine 4-chloro-4'-hydroxybenzhydryl Mercapturate Metabolites (M10a and M10b),CC(=O)NC(CSC(c1ccc(O)cc1)c1ccc(Cl)cc1)C(=O)O
OCc1nnc2c3ccccc3cnn12,3-hydroxy-methyltriazolophthalazine,Triazolophthalazine,c1ccc2c(c1)cnn1cnnc21
O=C(O)c1ccccc1,Benzoic acid,Benzoyl glucuronide (Benzoic acid),O=C(OC1OC(C(=O)O)C(O)C(O)C1O)c1ccccc1
O=[N+]([O-])C(Br)CO,Bromonitroethanol,2-bromoethanol,CC(Br)CO
Cn1cnc2c(F)c(Nc3ccc(Br)cc3Cl)c(C(N)=O)cc21,M14 (AZ12791138),"M12 (Primary amide, N-demethylated selumetinib metabolite)",NC(=O)c1cc2[nH]cnc2c(F)c1Nc1ccc(Br)cc1Cl
CCCCC1=NC2(CCCC2)C(=O)N1Cc1ccc(-c2ccccc2-c2nn[nH]n2)cc1,Irbesartan,Irbesartan derivative M3,O=C(O)CCCC1=NC2(CCCC2)C(=O)N1Cc1ccc(-c2ccccc2-c2nn[nH]n2)cc1
CC(Cc1ccccc1)N(C)Cc1ccccc1,Benzphetamine,Methamphetamine,CNC(C)Cc1ccccc1
COc1ccc(CC(C)NCC(O)c2ccc(O)c(NC=O)c2)cc1,Formoterol,Formoterol deformylated metabolite,COc1ccc(CC(C)NCC(O)c2ccc(O)c(N)c2)cc1
CC12CCC(=O)C=C1CCC1C2CCC2(C)C(O)CCC12,Testosterone,5-alpha-Dihydrotestosterone glucuronide,CC12CCC(=O)CC1CCC1C2CCC2(C)C(OC3OC(C(=O)O)C(O)C(O)C3O)CCC12
NC(=O)N1C2=CC3OC3C=C2C=Cc2ccccc21,"Carbamazepine 2,3-epoxide",2-hydroxycarbamazepine,NC(=O)N1c2ccccc2C=Cc2cc(O)ccc21
CN1CCN(c2ccc(C(=O)Nc3n[nH]c4ccc(Cc5cc(F)cc(F)c5)cc34)c(NC3CCOCC3)c2)CC1,Entrectinib,ENB577c,C[N+]1([O-])CCN(c2ccc(C(=O)Nc3n[nH]c4ccc(Cc5cc(F)cc(F)c5)cc34)c(NC3CCOCC3)c2)CC1
CCOC(=O)c1c(CSc2ccccc2)n(C)c2cc(Br)c(O)c(CN(C)C)c12,Umifenovir,Arbidol M6-2 metabolite,CCOC(=O)c1c(CSc2ccc(O)cc2)n(C)c2cc(Br)c(O)c(CN(C)C)c12
CCOc1ncc(C)c2c1C(c1ccc(C#N)cc1OC)C(C(N)=O)=C(C)N2,Finerenone,Finerenone M10 Metabolite,CCOc1ncc(C(=O)O)c2c1C(c1ccc(C#N)cc1O)C(C(N)=O)=C(CO)N2
C=CCC1=C(C)C(OC(=O)C2C(C=C(C)CO)C2(C)C)CC1=O,M1 (Bioallethrin),M2 (Bioallethrin),C=CCC1=C(C)C(OC(=O)C2C(C=C(C)C=O)C2(C)C)CC1=O
N#Cc1ccnc(N2C(=O)CCC2C(=O)N(c2cncc(F)c2)C(C(=O)NC2CC(F)(F)C2)c2ccccc2Cl)c1,Ivosidenib,Ivosidenib M39 metabolite,O=C(O)C(Nc1cncc(F)c1)c1ccccc1Cl
CC(Oc1cc(-c2cnn(C3CCNCC3)c2)cnc1N)c1c(Cl)ccc(F)c1Cl,Crizotinib,PF-06260182,CC(Oc1cc(-c2cnn(C3CCNC(=O)C3)c2)cnc1N)c1c(Cl)ccc(F)c1Cl
N#CCNC(=O)c1ccc(-c2ccnc(Nc3ccc(N4CCOCC4)cc3)n2)cc1,Momelotinib,Momelotinib M5 metabolite,N#CCNC(=O)c1ccc(-c2ccnc(Nc3ccc(N(CC(=O)O)CC(=O)O)cc3)n2)cc1
CN(C)CCC=C1c2ccccc2COc2ccccc21,Doxepin,Doxepin N-oxide,C[N+](C)([O-])CCC=C1c2ccccc2COc2ccccc21
CS(=O)(=O)c1ccc(C(=O)Nc2ccc(Cl)c(-c3ccccn3)c2)c(Cl)c1,Vismodegib,Vismodegib M14 metabolite,CS(=O)(=O)c1ccc(C(=O)Nc2ccc(Cl)c(-c3ccccn3)c2O)c(Cl)c1
CC(=O)N1CCN(c2ccc(OCC3COC(CN4C(=O)CNC4O)(c4ccc(Cl)cc4Cl)O3)cc2)CC1,Ketoconazole ketone hydroxyl intermediate,M5 (Ketoconazole),CC(=O)N1CCN(c2ccc(OCC3COC(CN4C(=O)CNC4=O)(c4ccc(Cl)cc4Cl)O3)cc2)CC1
CCOc1cc(O)ccc1OCCNC(C)Cc1ccc(OC)c(S(N)(=O)=O)c1,Tamsulosin M-2 Metabolite,Tamsulosin M-2-Glu Metabolite,CCOc1cc(OC2OC(C(=O)O)C(O)C(O)C2O)ccc1OCCNC(C)Cc1ccc(OC)c(S(N)(=O)=O)c1
CCC(COC(=O)c1cc(OC)c(OC)c(OC)c1)(NC)c1ccccc1,Nortrimebutine,N-didesmethyltrimebutine,CCC(N)(COC(=O)c1cc(OC)c(OC)c(OC)c1)c1ccccc1
NC(=O)C(CCC(=O)O)NC(=O)c1ccccc1C(=O)O,4-(o-carboxybenzamido)glutaramic acid,2-(o-carboxybenzamido)glutaric acid,O=C(O)CCC(NC(=O)c1ccccc1C(=O)O)C(=O)O
CC(=O)OCC1=C(C(=O)O)N2C(=O)C(NC(=O)CSc3ccncc3)C2SC1,Cefapirin,Desacetylcephapirin,O=C(CSc1ccncc1)NC1C(=O)N2C(C(=O)O)=C(CO)CSC12
CNCCC(c1ccccc1)c1ccccn1,N-desmethylpheniramine,N-didesmethylpheniramine,NCCC(c1ccccc1)c1ccccn1
O=C(O)c1cc(N=Nc2ccc(O)c(C(=O)O)c2)ccc1O,Olsalazine,Mesalazine,Nc1ccc(O)c(C(=O)O)c1
CCOC(=O)C(CCc1ccccc1)N1C(=O)C2Cc3ccccc3CN2C(=O)C1C,Quinapril Metabolite PD109488,Quinapril Metabolite PD113413,CC1C(=O)N2Cc3ccccc3CC2C(=O)N1C(CCc1ccccc1)C(=O)O
O=C(O)CCC(=NNc1nncc2ccccc12)C(=O)O,α-ketoglutarate hydrazone,Phthalazinone,O=c1[nH]ncc2ccccc12
CC(CCc1ccccc1)NCC(O)c1cc(O)c(O)c(C(N)=O)c1,Labetalol 3-hydroxylated Metabolite (VI),Labetalol C3 Glucuronidated Metabolite (VIII),CC(CCc1ccccc1)NCC(O)c1cc(OC2OC(C(=O)O)C(O)C(O)C2O)c(O)c(C(N)=O)c1
NCCc1ccccc1,Phenethylamine,Phenylacetic acid,O=C(O)Cc1ccccc1
CCn1c(=O)c2c(nc(C=Cc3ccc(OC)c(OC)c3)n2C)n(CC)c1=O,Istradefylline,4'-O-monodesmethyl istradefylline (M1),CCn1c(=O)c2c(nc(C=Cc3ccc(O)c(OC)c3)n2C)n(CC)c1=O
CN(C)CCCN1c2ccccc2CCc2ccc(Cl)cc21,Clomipramine,clomipramine N-oxide,C[N+](C)([O-])CCCN1c2ccccc2CCc2ccc(Cl)cc21
CC12C=CC(=O)C=C1C(O)CC1C2C(O)CC2(C)C1CCC2(O)C(O)CO,"6β,11β,17α,20α,21-pentahydroxypregnan-1,4-diene-3-one (M-IX)","6β,11β,17α,20α,21-pentahydroxy-5ξ-pregn-1-en-3-one (M-XVI)",CC12C=CC(=O)CC1C(O)CC1C2C(O)CC2(C)C1CCC2(O)C(O)CO
COc1ccc2cc(CCC(C)O)ccc2c1,4-(6-Methoxy-2-naphthyl)- butan-2-ol,4-(6-Methoxy-2-naphthyl)- butan-2-ol glucuronide,COc1ccc2cc(CCC(C)OC3OC(C(=O)O)C(O)C(O)C3O)ccc2c1
O=C(O)COc1nn(Cc2ccccc2)c2ccccc12,Bendazac,5-hydroxybendazac,O=C(O)COc1nn(Cc2ccccc2)c2ccc(O)cc12
COc1nc(N)nc2c1ncn2C1OC(CO)C(O)C1O,Nelarabine,6-O-methylguanine,COc1nc(N)nc2[nH]cnc12
Nc1nc(=O)c2c([nH]1)NCC(CNc1ccc(C(=O)NC(CCC(=O)O)C(=O)O)cc1)N2C=O,Levoleucovorin,5-Methyltetrahydrofolate,CN1c2c(nc(N)[nH]c2=O)NCC1CNc1ccc(C(=O)NC(CCC(=O)O)C(=O)O)cc1
CCCCC(C)(O)CC=CC1C(O)CC(=O)C1CCCCCCC(=O)OC,Misoprostol,Misoprostol Acid (SC-30695),CCCCC(C)(O)CC=CC1C(O)CC(=O)C1CCCCCCC(=O)O
CC=C1NC(=O)C2CSSCCC=CC(CC(=O)NC(C(C)C)C(=O)N2)OC(=O)C(C(C)C)NC1=O,Romidepsin,Romidepsin (active),CC=C1N=C(O)C(CS)N=C(O)C(C(C)C)CC(=O)CC(C=CCCS)OC(=O)C(C(C)C)N=C1O
CC(=O)C1CCC2C3C=CC4=CC(=O)CCC4(C)C3CCC12C,Dydrogesterone,20-dihydrodydrogesterone,C=C1C=C2C=CC3C(CCC4(C)C(C(C)C)CCC34)C2(C)CC1
OCC(O)C(O)C(O)CO,Xylitol,D-Xylulose,O=C(CO)C(O)C(O)CO
CCOc1ccc(C=C2NCCc3cc(OCC)c(OCC)cc32)cc1O,4'-desethyl-drotaverine,4'-desethyl-drotaveraldine,CCOc1cc2c(cc1O)CCNC2C(=O)c1ccc(OCC)c(OCC)c1
CCOC1CCN(Cc2c(OC)cc(C)c3[nH]ccc23)C(c2ccc(C(=O)O)cc2)C1,Iptacopan,M1 iptacopan,CCOC1CCNC(c2ccc(C(=O)O)cc2)C1
CCCCCCC(=O)O,Heptanoate,β-hydroxybutyrate,CC(O)CC(=O)O
O=C1CN(c2cc3c(cc2F)c(=O)c(C(=O)O)cn3C2CC2)CCN1,oxociprofloxacin,Desethylene ciprofloxacin,NCCNc1cc2c(cc1F)c(=O)c(C(=O)O)cn2C1CC1
CN1CCC(NC(=O)Nc2ccc(C#N)cc2)CC1c1nc2ccccc2[nH]1,Glasdegib,Glasdegib M11,CN1CCC(NC(=O)Nc2ccc(C#N)c(O)c2)CC1c1nc2ccccc2[nH]1
Oc1ncnc2[nH]ncc12,Allopurinol,oxypurinol,O=c1[nH]c(=O)c2cn[nH]c2[nH]1
NC(=O)N1c2ccccc2CC(=O)c2ccccc21,Oxcarbazepine,Oxcarbazepine glucuronide metabolite,NC(=O)N1c2ccccc2C=C(OC2OC(C(=O)O)C(O)C(O)C2O)c2ccccc21
COc1cc2c(cc1OC)C(=O)C(CC1CCN(Cc3ccccc3)CC1)C2,Donepezil,6-O-desmethyl donepezil,COc1cc2c(cc1O)C(=O)C(CC1CCN(Cc3ccccc3)CC1)C2
CCCC[N+]1(C)C2CC(O)CC1C1OC12,BA 345 Br (Scopolamine Butylbromide),AD12 (Scopolamine Butylbromide),CCCC[N+]1(C)C2CC3CC1C(O3)C2O
O=C(O)C(=O)NC(CO)C(O)c1ccc([N+](=O)[O-])cc1,Chloramphenicol Oxamic Acid,Chloramphenicol Oxamyl Glycine,O=C(O)CNC(=O)C(=O)NC(CO)C(O)c1ccc([N+](=O)[O-])cc1
CCC=CCC=CCC=CCC=CCC=CCCCC(=O)OCC,Icosapent ethyl,EPA,CCC=CCC=CCC=CCC=CCC=CCCCC(=O)O
C=CCC1=C(C)C(OC(=O)C2C(C=C(C)C)C2(C)C)CC1=O,Bioallethrin,M1 (Bioallethrin),C=CCC1=C(C)C(OC(=O)C2C(C=C(C)CO)C2(C)C)CC1=O
CC(CCC(=O)O)C1CCC2C3C(O)CC4CC(O)CCC4(C)C3CC(O)C12C,Cholic Acid,Cholic acid glucuronide,CC(CCC(=O)O)C1CCC2C3C(O)CC4CC(OC5OC(C(=O)O)C(O)C(O)C5O)CCC4(C)C3CC(O)C12C
COc1ccc(NC(=O)c2ccc(C(=N)N(C)C)cc2)c(C(=O)Nc2ccc(Cl)cn2)c1,Betrixaban,PRT062802,CN(C)C(=N)c1ccc(C(=O)O)cc1
O=C1CCC2(O)C3Cc4ccc(O)c5c4C2(CCN3CC2CC2)C1O5,Naltrexone,6-beta-naltrexol,Oc1ccc2c3c1OC1C(O)CCC4(O)C(C2)N(CC2CC2)CCC314
NC(=O)CNC(=O)c1ccc(-c2ccnc(Nc3ccc(N4CCOCC4)cc3)n2)cc1,Momelotinib M15 metabolite,Momelotinib M8 metabolite,NC(=O)CNC(=O)c1ccc(-c2ccnc(Nc3ccc(N4CCOCC4=O)cc3)n2)cc1
CN1CCC23C=CC(O)CC2Oc2c(O)ccc(c23)C1,O-desmethyl-epigalantamine,O-desmethyl-epigalantamine glucuronide,CN1CCC23C=CC(O)CC2Oc2c(OC4C(O)C(O)C(O)C(O)C4C(=O)O)ccc(c23)C1
CN(CCOc1ccc(CC2SC(=O)NC2=O)cc1)c1ccccn1,Rosiglitazone,N-Despyridinyl rosiglitazone,CNCCOc1ccc(CC2SC(=O)NC2=O)cc1
CC(N)Cc1ccc(O)cc1,4-hydroxyamphetamine,4-Hydroxynorephedrine,CC(N)C(O)c1ccc(O)cc1
Nc1ccc(C(=O)O)cc1,Aminobenzoic acid,4-Acetaminobenzoic acid,CC(=O)Nc1ccc(C(=O)O)cc1
COC(=O)C1=C(C)NC(C)=C(C(=O)OCC(C)=O)C1c1ccccc1[N+](=O)[O-],Aranidipine,Aranidipine M-1,COC(=O)C1=C(C)NC(C)=C(C(=O)OCC(C)O)C1c1ccccc1[N+](=O)[O-]
Cc1cccc(C)c1OCC(=O)NC(Cc1ccccc1)C(O)CC(Cc1ccccc1)NC(=O)C(C(C)C)N1CCC(O)NC1=O,Lopinavir M3/M4 metabolite(s),Lopinavir M1 metabolite,Cc1cccc(C)c1OCC(=O)NC(Cc1ccccc1)C(O)CC(Cc1ccccc1)NC(=O)C(C(C)C)N1CCC(=O)NC1=O
CNC1(c2ccccc2Cl)CCCC(O)C1=O,6-Hydroxyketamine,6-Hydroxynorketamine,NC1(c2ccccc2Cl)CCCC(O)C1=O
CNS(=O)(=O)Cc1ccc2[nH]cc(CC(=O)O)c2c1,Sumatriptan Metabolite GR49336,Sumatriptan Metabolite Ester Glucuronide of GR49336,CNS(=O)(=O)Cc1ccc2[nH]cc(CC(=O)OC3OC(C(=O)O)C(O)C(O)C3O)c2c1
O=C(O)CCC(C(=O)O)N1C(=O)c2ccccc2C1=O,2-phthalimidoglutaric acid,2-(o-carboxybenzamido)glutaric acid,O=C(O)CCC(NC(=O)c1ccccc1C(=O)O)C(=O)O
CC(CC=O)CCCC(C)(C)O,Hydroxycitronellal,7-hydroxycitronellylic acid,CC(CCCC(C)(C)O)CC(=O)O
O=C(CCCCCCC(=O)Nc1ccccc1)NO,Vorinostat,4-anilino-4-oxobutanoic acid,O=C(O)CCC(=O)Nc1ccccc1
COc1ccccc1OCC(O)CN1CCN(CC(=O)Nc2c(C)cccc2C)CC1,Ranolazine,CVT-5029,COc1cc(O)ccc1OCC(O)CN1CCN(CC(=O)Nc2c(C)cccc2C)CC1
Cn1c(C(=O)Nc2ccc(C(=N)N)cc2)nc2cc(C(=O)N(CCC(=O)O)c3ccccn3)ccc21,Dabigatran M486,Dabigatran M369,Cn1c(C(=O)O)nc2cc(C(=O)N(CCC(=O)O)c3ccccn3)ccc21
CCCS(=O)(=O)Nc1ccc(F)c(C(=O)c2c[nH]c3ncc(-c4ccc(Cl)cc4)cc23)c1F,Vemurafenib,vemurafenib intermediary metabolite,Nc1ccc(F)c(C(=O)c2c[nH]c3ncc(-c4cccc(Cl)c4)cc23)c1F
CCOc1nc2cccc(C(=O)OC(C)OC(=O)OC3CCCCC3)c2n1Cc1ccc(-c2ccccc2-c2nnn[nH]2)cc1,Candesartan cilexetil,Candesartan,CCOc1nc2cccc(C(=O)O)c2n1Cc1ccc(-c2ccccc2-c2nnn[nH]2)cc1
N#CC1(c2ccc3c(N)ncnn23)OC(COP(=O)(O)O)C(O)C1O,Remdesivir Nucleoside Monophosphate,Remdesivir Nucleoside Triphosphate,N#CC1(c2ccc3c(N)ncnn23)OC(COP(=O)(O)O[PH](=O)(=O)O[PH](=O)(=O)O)C(O)C1O
COc1ccc(CC(C)NCC(O)c2ccc(O)c(N)c2)cc1,Formoterol deformylated metabolite,Deformylated formoterol metabolite sulfate conjugate,COc1ccc(CC(C)NCC(O)c2ccc(OS(=O)(=O)O)c(N)c2)cc1
CCn1c(C(C)=O)nn(CCCN2CCN(c3cccc(Cl)c3)CC2)c1=O,Oxo-etoperidone (M3),Etoperidone M17,CC(=O)c1nn(CCC(=O)O)c(=O)n1C(C)=O
CN1CCc2cccc3c2C1Cc1ccc(O)c(O)c1-3,Apomorphine,O-quinone,CN1CCc2cccc3c2C1CC1=C3C(=O)C(=O)C=C1
CC(CS)C(=O)N1CCCC1C(=O)O,Captopril,captopril-cysteine disulfide,CC(CSSCC(N)C(=O)O)C(=O)N1CCCC1C(=O)O
O=C(O)CCCCC1SCC2NC(=O)NC21,Biotin,Biotin Holocarboxylase Metabolite,NCC(=O)NC(CCCCCNOC(=O)CCCCC1SCC2NC(=O)NC21)C(=O)NCC(=O)O
NNc1n[nH]c(=O)c2ccccc12,Hydrazinophthalazinone,Acetylhydrazinophthalazinone,CC(=O)NNc1n[nH]c(=O)c2ccccc12
Nc1ccc(S(=O)(=O)Nc2ccc(O)cn2)cc1,5'-hydroxysulfapyridine,5'-hydroxysulfapyridine-O-glucuronide,Nc1ccc(S(=O)(=O)Nc2ccc(OC3OC(C(=O)O)C(O)C(O)C3O)cn2)cc1
CCN1C(=O)CCC1(O)CNC(=O)c1c(OC)ccc(Br)c1OC,Remoxipride Metabolite NCM 001,Remoxipride Metabolite NCM 009,COc1ccc(Br)c(OC)c1C(=O)NCC1(O)CCC(=O)N1
Cn1c(CCCC(=O)O)nc2cc(N(CCCl)CCCl)ccc21,Bendamustine,monohydroxy-bendamustine (bendamustine metabolite HP1),Cn1c(CCCC(=O)O)nc2cc(N(CCO)CCCl)ccc21
O=C(CO)C(O)C(O)CO,D-Xylulose,D-Xylulose-5-phosphate,O=C(CO)C(O)C(O)COP(=O)(O)O
COC1OC2OC3(C)CCC4C(C)CCC(C1C)C24OO3,Artemether,Deoxydihydro-artemisinin,CC1CCC2C(C)C(O)OC3OC4(C)CCC1C32O4
COc1ncc(N2CCc3ncnc(N)c3C2)cc1C(F)(F)F,Leniolisib M43 metabolite,Leniolisib M48 metabolite,Nc1ncnc2c1CN(c1cnc(O)c(C(F)(F)F)c1)CC2
C=C(C)C1CCC(C(=O)NC(Cc2ccccc2)C(=O)O)CC1,Nateglinide metabolite M7,Nateglinide metabolite M11/M12,CC(O)(CO)C1CCC(C(=O)NC(Cc2ccccc2)C(=O)O)CC1
O=C(c1ccccc1)c1ccc2n1CCC2C(=O)O,Ketorolac,4-hydroxy ketorolac,O=C(c1ccc(O)cc1)c1ccc2n1CCC2C(=O)O
CC(=O)OCC(=O)C1(O)CCC2C3CCC4=CC(=O)C=CC4(C)C3C(O)CC21C,Prednisolone acetate,Prednisolone,CC12C=CC(=O)C=C1CCC1C2C(O)CC2(C)C1CCC2(O)C(=O)CO
CC1NP(=O)(OCC2OC(C#N)(c3ccc4c(N)ncnn34)C(O)C2O)OC1=O,Remdesivir cyclic anhydride,Remdesivir Alanine Metabolite (Ala-Met; GS-704277),CC(NP(=O)(O)OCC1OC(C#N)(c2ccc3c(N)ncnn23)C(O)C1O)C(=O)O
COc1ccc2cc(CCC(C)=O)ccc2c1,Nabumetone,4-(6-Hydroxy-2-naphthyl)- butan-2-one,CC(=O)CCc1ccc2cc(O)ccc2c1
C=CC[N+]1(C2CC3C4CCC5CC(O)C(N6CCOCC6)CC5(C)C4CCC3(C)C2OC(C)=O)CCCC1,Rocuronium,17-desacetyl-rocuronium,C=CC[N+]1(C2CC3C4CCC5CC(O)C(N6CCOCC6)CC5(C)C4CCC3(C)C2O)CCCC1
CCOC(=O)C(Cc1ccc(F)cc1)NC(=O)C(N)Cc1ccc(N(CCCl)CCCl)cc1,Melphalan flufenamide,Desethyl Melphalan Flufenamide,NC(Cc1ccc(N(CCCl)CCCl)cc1)C(=O)NC(Cc1ccc(F)cc1)C(=O)O
Cc1ccc(C(=O)c2ccc(CC(=O)O)n2C)cc1,Tolmetin,Tolmetin glucuronide,Cc1ccc(C(=O)c2ccc(CC(=O)OC3OC(C(=O)O)C(O)C(O)C3O)n2C)cc1
Nc1ccc(O)c(C(=O)O)c1,Mesalazine,N-acetyl-5-aminosalicylic acid,CC(=O)Nc1ccc(O)c(C(=O)O)c1
CC(=O)SC1CC2=CC(=O)CCC2(C)C2CCC3(C)C(CCC34CCC(=O)O4)C12,Spironolactone,7-alpha-thiospironolactone,CC12CCC(=O)C=C1CC(S)C1C2CCC2(C)C1CCC21CCC(=O)O1
CC(O)CCCCn1c(=O)c2c(ncn2C)n(C)c1=O,Lisofylline,"M2, Pentoxifylline external diol",Cn1cnc2c1c(=O)n(CCCCC(O)CO)c(=O)n2C
CC(C)Cc1ccc(C(C)C(=O)O)cc1,Ibuprofen,1-hydroxyibuprofen,CC(C(=O)O)c1ccc(C(O)C(C)C)cc1
CCC(=O)N(c1ccccc1)C1CCN(CCc2ccccc2)CC1,Fentanyl,Hydroxyfentanyl,O=C(CCO)N(c1ccccc1)C1CCN(CCc2ccccc2)CC1
Cn1c(C(=O)O)nc2cc(C(=O)N(CCC(=O)O)c3ccccn3)ccc21,Dabigatran M369,Dabigatran M325,Cn1cnc2cc(C(=O)N(CCC(=O)O)c3ccccn3)ccc21
CSc1ccccc1C(=N)N1CCN(CCc2cc3c(cc2Cl)NC(=O)C3)CC1,S-Methyl-dihydro-ziprasidone,S-Methyl-dihydro-ziprasidone-sulfoxide,C[S+]([O-])c1ccccc1C(=N)N1CCN(CCc2cc3c(cc2Cl)NC(=O)C3)CC1
CCN(CC)C(=O)C1(c2ccccc2)CC1CNC(=O)O,Milnacipran carbamic acid,Milnacipran carbamoyl O-glucuronide,CCN(CC)C(=O)C1(c2ccccc2)CC1CNC(=O)OC1OC(C(=O)O)C(O)C(O)C1O
CN1C2CCC1CC(OC(c1ccccc1)c1ccccc1)C2,Benzatropine,N-desmethylbenztropine,c1ccc(C(OC2CC3CCC(C2)N3)c2ccccc2)cc1
CN(C)Cc1nnc2n1-c1ccc(Cl)cc1C(c1ccccc1)=NC2,Adinazolam,alpha-Hydroxyalprazolam,OCc1nnc2n1-c1ccc(Cl)cc1C(c1ccccc1)=NC2
CC(=O)OC1Cc2ccccc2N(C(N)=O)c2ccccc21,Eslicarbazepine acetate,Eslicarbazepine [(S)-licarbazepine],NC(=O)N1c2ccccc2CC(O)c2ccccc21
Cn1cc[nH]c1=S,Methimazole,3-methyl-2-thiohydantoin,CN1C(=O)CNC1=S
Nc1ccn(CC(CO)OCP(=O)(O)O)c(=O)n1,Cidofovir,Cidofovir diphosphate,Nc1ccn(CC(CO)OCP(=O)(O)OP(=O)(O)O)c(=O)n1
CCCCCNC(=N)NN=Cc1c[nH]c2ccc(OC)cc12,Tegaserod,5-methoxyindole-3-carboxylic acid,COc1ccc2[nH]cc(C(=O)O)c2c1
CCCNS(=O)(=O)Nc1ncnc(OCCOc2ncc(Br)cn2)c1-c1ccc(Br)cc1,Macitentan,M3,Nc1ncnc(OCCOc2ncc(Br)cn2)c1-c1ccc(Br)cc1
CC(C)OC(=O)CCCC=CCC1C(O)CC(O)C1C=CC(F)(F)COc1ccccc1,Tafluprost,Tafluprost free acid,O=C(O)CCCC=CCC1C(O)CC(O)C1C=CC(F)(F)COc1ccccc1
CCCN1CCCCC1C(=O)Nc1c(C)cc(O)cc1C,4-Hydroxyropivacaine,4-OH-PPX,Cc1cc(O)cc(C)c1NC(=O)C1CCCCN1
N=C(N)Nc1ccc(C(=O)Oc2ccc(CC(=O)O)cc2)cc1,4-(4-guanidinobenzoyloxy)phenylacetic Acid,4-guanidinobenzoic Acid,N=C(N)Nc1ccc(C(=O)O)cc1
CC12CCC3c4ccc(O)cc4CCC3C1CCC2OC(=O)CCC1CCCC1,Estradiol cypionate,Estradiol,CC12CCC3c4ccc(O)cc4CCC3C1CCC2O
CN1CCN(c2ccc(C(=O)Nc3n[nH]c4ccc(Cc5cc(F)cc(F)c5)cc34)c(NC3CCOCC3)c2)CC1O,ENB577b,ENB753,CN1CCN(c2ccc(C(=O)Nc3n[nH]c4ccc(Cc5cc(F)cc(F)c5)cc34)c(NC3CCOCC3)c2)CC1OC1OC(C(=O)O)C(O)C(O)C1O
CCNC(=O)CCCC=CCC1C(O)CC(O)C1C=CC(O)CCc1ccccc1,Bimatoprost,17-Phenyl-Trinor-PGF2alpha,O=C(O)CCCC=CCC1C(O)CC(O)C1C=CC(O)CCc1ccccc1
COC(=O)C1=C(C)NC(C)=C(C(=O)O)C1c1ccccc1[N+](=O)[O-],"2,6-dimethyl-4-(2-nitrophenyl)-5-methoxycarbonyl-pyridine-3-carboxylic acid",2-hydroxymethyl-pyridine carboxylic acid,CC1=C(C(=O)O)CC=CN1
O=C(NCC1CCCCN1)c1cc(OCC(F)(F)F)ccc1OCC(F)(F)F,Flecainide,Meta-O-dealkylated flecainide,O=C(NCC1CCCCN1)c1cc(O)ccc1OCC(F)(F)F
CC1CC2C3CCC4=CC(=O)C=CC4(C)C3(F)C(O)CC2(C)C1(O)C(=O)COP(=O)(O)O,Betamethasone phosphate,Betamethasone,CC1CC2C3CCC4=CC(=O)C=CC4(C)C3(F)C(O)CC2(C)C1(O)C(=O)CO
CCC(=O)C1=C(C)NC(C)=C(C(=O)O)C1c1ccccc1[N+](=O)[O-],Aranidipine M-2,Aranidipine M-5,COC(=O)c1c(C)nc(C)c(C(=O)O)c1-c1ccccc1[N+](=O)[O-]
Nc1ccc(N=Nc2ccccc2)c(N)n1,Phenazopyridine,5-OH PAP,N=c1[nH]c(N)c(O)cc1N=Nc1ccccc1
[O-][n+]1ccc(N2CCN(CCCN3CCN(c4ccnc5cc(Cl)ccc45)CC3)CC2)c2ccc(Cl)cc21,M2 (piperaquine),M5 (piperaquine),[O-][n+]1ccc(N2CCN(CCCN3CCN(c4cc[n+]([O-])c5cc(Cl)ccc45)CC3)CC2)c2ccc(Cl)cc21
CCn1c(=O)c2c(nc(C=Cc3ccc(O)c(OC)c3)n2C)n(CC)c1=O,4'-O-monodesmethyl istradefylline (M1),M1 Sulfate Conjugate (M4),CCn1c(=O)c2c(nc(C=Cc3ccc(OS(=O)(=O)O)c(OC)c3)n2C)n(CC)c1=O
CCCC(C)C1(CC)C(=O)NC(=S)NC1=O,Thiopental,Pentobarbital,CCCC(C)C1(CC)C(=O)NC(=O)NC1=O
CCCC(=O)N(c1ccccc1)C1CCN(CCc2ccccc2)CC1,Butyrfentanyl,4'-hydroxy-butyrfentanyl,CCCC(=O)N(c1ccccc1)C1CCN(CCc2ccc(O)cc2)CC1
COc1cc(O)c(N)c(C(=O)Nc2ccc(Cl)cn2)c1,PRT062982,PRT063069,COc1cc(OS(O)(O)O)c(N)c(C(=O)Nc2ccc(Cl)cn2)c1
CC(C)NCC(O)COc1ccc(CC(N)=O)cc1,Atenolol,Atenolol-glucuronide conjugate,CC(C)NCC(COc1ccc(CC(N)=O)cc1)OC1OC(C(=O)O)C(O)C(O)C1O
CC1=CCC(C(C)(O)CO)CC1,Uroterpenol,Uroterpenol-O-glucuronide,CC1=CCC(C(C)(O)COC2OC(C(=O)O)C(O)C(O)C2O)CC1
O=C1CN=C(c2ccccc2Cl)c2cc([N+](=O)[O-])ccc2N1,Clonazepam,3-hydroxy-clonazepam,O=C1Nc2ccc([N+](=O)[O-])cc2C(c2ccccc2Cl)=NC1O
Cn1nnc(-c2ccc(-c3ccc(N4CC(COP(=O)(O)O)OC4=O)cc3F)cn2)n1,Tedizolid phosphate,Tedizolid,Cn1nnc(-c2ccc(-c3ccc(N4CC(CO)OC4=O)cc3F)cn2)n1
CCc1cc2c(s1)-n1c(C)nnc1CN=C2c1ccccc1Cl,Etizolam,alpha-hydroxyetizolam,Cc1nnc2n1-c1sc(C(C)O)cc1C(c1ccccc1Cl)=NC2
COC(=O)C1=C(C)NC(C)=C(C(=O)OC)C1c1ccccc1[N+](=O)[O-],Nifedipine,"2,6-dimethyl-4-(2-nitrophenyl)-5-methoxycarbonyl-pyridine-3-carboxylic acid",COC(=O)C1=C(C)NC(C)=C(C(=O)O)C1c1ccccc1[N+](=O)[O-]
Cc1cccc(C)c1NC(=O)CCO,CVT-2535,CVT-2537,Cc1cccc(C)c1NC(=O)CC(=O)O
O=C(c1cc(Cc2n[nH]c(=O)c3ccccc23)ccc1F)N1CCN(C(=O)C2CC2)CC1,Olaparib,Olaparib M1 metabolite,O=C(c1cc(Cc2n[nH]c(=O)c3ccccc23)ccc1F)N1CCNCC1
CCOc1ccc(C=C2NCCc3cc(OCC)c(OCC)cc32)cc1OCC,Drotaverine,Drotaveraldine,CCOc1ccc(C(=O)C2NCCc3cc(OCC)c(OCC)cc32)cc1OCC
COc1ccc2c3c1OC1C(=O)CCC4C(C2)N(C)CCC314,Hydrocodone,6-α-hydrocodol,COc1ccc2c3c1OC1C(O)CCC4C(C2)N(C)CCC341
O=C(CCC1C(=O)N(c2ccc(F)cc2)C1c1ccc(O)cc1)c1ccc(F)cc1,SCH 57871,SCH 57871-glucuronide,O=C(CCC1C(=O)N(c2ccc(F)cc2)C1c1ccc(OC2OC(C(=O)O)C(O)C(O)C2O)cc1)c1ccc(F)cc1
O=C1CN(N=Cc2ccc([N+](=O)[O-])o2)C(=O)N1,Nitrofurantoin,Aminofurantoin,Nc1ccc(C=NN2CC(O)=NC2=O)o1
OCCN(CCO)CCO,Trolamine,Glucuronide Conjugate (Trolamine),O=C(O)C1OC(OCCN(CCO)CCO)C(O)C(O)C1O
CC12CCC(=O)C=C1CCC1C2CCC2(C)C(OC(=O)CCC3CCCC3)CCC12,Testosterone cypionate,Testosterone,CC12CCC(=O)C=C1CCC1C2CCC2(C)C(O)CCC12
CC(C)C1(NC(=O)C2CC3c4cccc5[nH]cc(c45)CC3N(C)C2)OC2(O)C3CCCN3C(=O)C(Cc3ccccc3)N2C1=O,Dihydroergocristine,8'-hydroxy-dihydroergocristine,CC(C)C1(NC(=O)C2CC3c4cccc5[nH]cc(c45)CC3N(C)C2)OC2(O)C3CCC(O)N3C(=O)C(Cc3ccccc3)N2C1=O
CC1COc2c(N3CCN(C)CC3)c(F)cc3c(=O)c(C(=O)O)cn1c23,Levofloxacin,Levofloxacin-N-oxide,CC1COc2c(N3CC[N+](C)([O-])CC3)c(F)cc3c(=O)c(C(=O)O)cn1c23
O=C1Nc2ccc([N+](=O)[O-])cc2C(c2ccccc2Cl)=NC1O,3-hydroxy-clonazepam,glucuronyl-3-hydroxy-clonazepam,O=C1Nc2ccc([N+](=O)[O-])cc2C(c2ccccc2Cl)=NC1OC1OC(C(=O)O)C(O)C(O)C1O
O=C1OC(CO)CN1c1ccc(-c2ccc(-c3nn[nH]n3)nc2)c(F)c1,Desmethyl tedizolid,Desmethyl tedizolid sulphate,O=C1OC(C=S(=O)(O)O)CN1c1ccc(-c2ccc(-c3nn[nH]n3)nc2)c(F)c1
CCN(CC)C(=O)N1CCN(C)CC1,Diethylcarbamazine,diethylcarbamazine N-oxide,CCN(CC)C(=O)N1CC[N+](C)([O-])CC1
CC(N)(Cc1ccc(O)c(O)c1)C(=O)O,Methyldopa,"3,4-Dihydroxyphenylacetone",CC(=O)Cc1ccc(O)c(O)c1
NCC(CC(=O)O)c1ccc(Cl)cc1,Baclofen,β-(p-chlorophenyl)-4-hydroxybutyric acid,C=C(CC(=O)O)c1ccc(Cl)cc1
C=CCN1CC(C(=O)N(CCCN(C)C)C(=O)NCC)CC2c3cccc4[nH]cc(c34)CC21,Cabergoline,6-allyl-8b-carboxy-ergoline,C=CCN1CC(C(=O)O)CC2c3cccc4[nH]cc(c34)CC21
CCN(CC)CC(=O)Nc1c(C)cccc1C,Lidocaine,"2,6-Dimethylaniline (2,6-Xylidine)",Cc1cccc(C)c1N
CCC(CO)(NC)c1ccccc1,2-methylamino-2-phenylbutan-1-ol ,2-amino-2-phenylbutan-1-ol,CCC(N)(CO)c1ccccc1
Nc1nc(CC(=O)Nc2ccc(CCNCC(O)c3ccccc3)cc2)cs1,Mirabegron,Mirabegron N-carbamoylglucuronide,Nc1nc(CC(=O)Nc2ccc(CCN(CC(O)c3ccccc3)C(=O)OC3OC(C(=O)O)C(O)C(O)C3O)cc2)cs1
CCCCCCC(=O)OC1CCC2C3CCC4=CC(=O)CCC4(C)C3CCC12C,Testosterone enanthate,Testosterone,CC12CCC(=O)C=C1CCC1C2CCC2(C)C(O)CCC12
CNNCc1ccc(C(=O)NC(C)C)cc1,Procarbazine,N-isopropylterephthalamic acid,CC(C)NC(=O)c1ccc(C(=O)O)cc1
CC(S)C(=O)NCC(=O)O,Tiopronin,2-mercaptopropionic acid,CC(S)C(=O)O
COc1ccc(CN2CCNCC2)c(OC)c1O,3-desmethyltrimetazidine,3-desmethyltrimetazidine O-sulphate,COc1ccc(CN2CCNCC2)c(OC)c1OS(=O)(=O)O
Cc1cccc(C)c1N,"2,6-Dimethylaniline (2,6-Xylidine)","4-Hydroxy-2,6-dimethylaniline",Cc1cc(O)cc(C)c1N
CCC(=O)N1CCC(Nc2ncnc3c2CN(c2cnc(O)c(C(F)(F)F)c2)CC3)C1,Leniolisib M1 metabolite,Leniolisib M48 metabolite,Nc1ncnc2c1CN(c1cnc(O)c(C(F)(F)F)c1)CC2
OCc1nnc2n1-c1ccc(Cl)cc1C(c1ccccc1)=NC2,alpha-Hydroxyalprazolam,"alpha,4-dihydroxy-alprazolam",OCc1nnc2n1-c1ccc(Cl)cc1C(c1ccccc1)=NC2O
CC12CCC(=O)C=C1C1CC1C1C2CCC2(C)C1C1CC1C21CCC(=O)O1,Drospirenone,"4,5-dihydro-drospirenone-3-sulfate",CC12CCC(S(=O)(=O)O)CC1C1CC1C1C2CCC2(C)C1C1CC1C21CCC(=O)O1
NC(=O)CCC(C(=O)O)N1C(=O)c2ccccc2C1=O,2-phthalimidoglutaramic acid,2-(o-carboxybenzamido)glutaramic acid,NC(=O)CCC(NC(=O)c1ccccc1C(=O)O)C(=O)O
OCC1OC(Oc2ccc(O)cc2)C(O)C(O)C1O,Arbutin,Hydroquinone,Oc1ccc(O)cc1
CCCCNc1ccc(C(=O)OCCN(C)C)cc1,Tetracaine,para-aminobenzoic acid,Nc1ccc(C(=O)O)cc1
CC(=CCC1=C(C)C(=O)c2ccccc2C1=O)CCCC(C)CCCC(C)CCCC(C)C,Phylloquinone,Vitamin K 5 Carbon Metabolite,CC(=CCC1=C(C)C(=O)c2ccccc2C1=O)C(=O)O
CC(C)(C(=O)c1cccnc1)c1cccnc1,Metyrapone,Metyrapol,CC(C)(c1cccnc1)C(O)c1cccnc1
Cc1cn2nc(-c3cc(=O)n4cc(N5CCNC6(CC6)C5)ccc4n3)cc(C)c2n1,Risdiplam,Risdiplam M1 metabolite,Cc1cn2nc(-c3cc(=O)n4cc(N5CCN(O)C6(CC6)C5)ccc4n3)cc(C)c2n1
Cc1oc(=O)oc1COC(=O)N1CCC(N2CCC(=CC3=C(C(=O)O)N4C(=O)C(NC(=O)C(=NO)c5nsc(N)n5)C4SC3)C2=O)C1,Ceftobiprole medocaril,Ceftobiprole,Nc1nc(C(=NO)C(=O)NC2C(=O)N3C(C(=O)O)=C(C=C4CCN(C5CCNC5)C4=O)CSC23)ns1
CC(CCc1ccc2cc(O)ccc2c1)OC1OC(C(=O)O)C(O)C(O)C1O,4-(6-hydroxy-2-naphthyl)- butan-2-ol glucuronide (2-OH conjugated),4-(6-hydroxy-2-naphthyl)- butan-2-ol glucuronide (2-OH conjugated) glycine conjugate,CC(CCc1ccc2cc(O)ccc2c1)OC1OC(C(=O)NCC(=O)O)C(O)C(O)C1O
C=CCC1=C(C)C(OC(=O)C2C(C=C(C)C=O)C2(C)C)CC1=O,M2 (Bioallethrin),M3 (Bioallethrin),C=CCC1=C(C)C(OC(=O)C2C(C=C(C)C(=O)O)C2(C)C)CC1=O
CC1CC2C3CCC4=CC(=O)C=CC4(C)C34OC4CC2(C)C1(OC(=O)c1ccco1)C(=O)CCl,"21-chloro-17-alpha-hydroxy-16-alpha-methyl-9-beta,11beta-oxidopregna-1,4-diene-3,20-dione 17-(2-furoate)","21-chloro-17-alpha-hydroxy-16-alpha-methyl-9-beta,11-beta-oxidopregna-1,4-diene-3,20-dione",CC1CC2C3CCC4=CC(=O)C=CC4(C)C34OC4CC2(C)C1(O)C(=O)CCl
O=C1CN(N=Cc2ccc(-c3ccc([N+](=O)[O-])cc3)o2)C(=O)N1,Dantrolene,5-hydroxydantrolene,O=C1N=C(O)C(O)N1N=Cc1ccc(-c2ccc([N+](=O)[O-])cc2)o1
CC12C=CC(=O)CC1C(O)CC1C2C(O)CC2(C)C1CCC2(O)C(O)CO,"6β,11β,17α,20α,21-pentahydroxy-5ξ-pregn-1-en-3-one (M-XVI)","6β,11β,17α,21-tetrahydroxy-5ξ-pregn-1-en-3,20-dione (M-XIV)",CC12C=CC(=O)CC1C(O)CC1C2C(O)CC2(C)C1CCC2(O)C(=O)CO
CCOC(=O)C(C)CC(Cc1ccc(-c2ccccc2)cc1)NC(=O)CCC(=O)O,Sacubitril,Sacubitrilat (LBQ657),CC(CC(Cc1ccc(-c2ccccc2)cc1)NC(=O)CCC(=O)O)C(=O)O
CC(C)(C(=O)O)c1ccc(C(O)CCCN2CCC(C(O)(c3ccccc3)c3ccccc3)CC2)cc1,Fexofenadine,MDL 4829 (Azacyclonol),OC(c1ccccc1)(c1ccccc1)C1CCNCC1
COc1cc(C(C)=O)ccc1OCCCN1CCC(c2noc3cc(F)ccc23)CC1,Iloperidone,P-88,COc1cc(C(C)O)ccc1OCCCN1CCC(c2noc3cc(F)ccc23)CC1
NC(=O)N1CCC(CC(=O)N2CCC(C3c4ncc(Br)cc4CCc4cc(Cl)cc(Br)c43)CC2)CC1,Lonafarnib,Lonafarnib metabolite M1,NC(=O)N1CCC(CC(=O)N2CCC(C3c4ncc(Br)cc4CCc4cc(Cl)cc(Br)c43)CC2)CC1O
O=C1CCc2ccc(OCCCCN3CCN(c4cccc(Cl)c4Cl)CC3)cc2N1CO,N-hydroxymethyl-aripiprazole,Aripiprazole,O=C1CCc2ccc(OCCCCN3CCN(c4cccc(Cl)c4Cl)CC3)cc2N1
Nc1ccc(C(=O)O)c(Cl)c1,2-chloro-p-aminobenzoic acid,N-acetyl-2-chloro-p-aminobenzoic acid,CC(=O)Nc1ccc(C(=O)O)c(Cl)c1
COc1cc2c(cc1OC)C1CC(OC(=O)C(N)C(C)C)C(CC(C)C)CN1CC2,Valbenazine,[+]-α-HTBZ,COc1cc2c(cc1OC)C1CC(O)C(CC(C)C)CN1CC2
CN1C(=O)CCC1c1cccnc1,Cotinine,Nornicotine,c1cncc(C2CCCN2)c1
NCCCCCC(=O)O,Aminocaproic acid,Adipic acid,O=C(O)CCCCC(=O)O
CC1CC2C3CCC4=CC(=O)C=CC4(C)C3(Cl)C(O)CC2(C)C1=C=C(Cl)OC(=O)c1ccco1,"9-alpha,21-beta-dichloro-11-beta,21-alpha-dihydroxy-16-alpha-methylpregna-1,4,17,20-tetraen-3-one 21-(2-furoate)","21-beta-chloro-21-alpha-hydroxy-16-alpha-methyl-9-beta,11-beta-oxidopregna-1,4,17,20-tetraen-3-one 21-(2-furoate",CC1CC2C3CCC4=CC(=O)C=CC4(C)C34OC4CC2(C)C1=C=C(Cl)OC(=O)c1ccco1
O=S1(=O)CCN(CN2CCS(=O)(=O)NC2)CN1,Taurolidine,Taurultam,O=S1(=O)CCNCN1
CCOc1ccccc1OCCNC(C)Cc1ccc(OC)c(S(N)(=O)=O)c1,Tamsulosin,Tamsulosin M-2 Metabolite,CCOc1cc(O)ccc1OCCNC(C)Cc1ccc(OC)c(S(N)(=O)=O)c1
O=C1C(CCC(O)c2ccc(F)cc2)C(c2ccc(O)cc2)N1c1ccc(F)cc1,Ezetimibe,SCH 57871,O=C(CCC1C(=O)N(c2ccc(F)cc2)C1c1ccc(O)cc1)c1ccc(F)cc1
NC(=O)N1c2ccccc2C=Cc2ccccc21,Carbamazepine,"Carbamazepine 2,3-epoxide",NC(=O)N1C2=CC3OC3C=C2C=Cc2ccccc21
COc1cc2c(Nc3ccc(Br)cc3F)ncnc2cc1OCC1CCN(C)CC1,Vandetanib,N-desmethyl vandetanib,COc1cc2c(Nc3ccc(Br)cc3F)ncnc2cc1OCC1CCNCC1
Cn1c(CN)nc2cc(C(=O)N(CCC(=O)O)c3ccccn3)ccc21,Dabigatran M354,Dabigatran M396,CC(=O)NCc1nc2cc(C(=O)N(CCC(=O)O)c3ccccn3)ccc2n1C
CC(C)(C)NCC(O)c1ccc(O)c(CO)c1,Albuterol,Salbutamol 4-O-sulfate,CC(C)(C)NCC(O)c1ccc(OS(=O)(=O)O)c(CO)c1
CCCSc1ccc2nc(NC(=O)OC)[nH]c2c1,Albendazole,albendazole sulfoxide,CCC[S+]([O-])c1ccc2[nH]c(NC(=O)OC)nc2c1
CC(=O)Oc1ccccc1C(=O)Nc1ncc([N+](=O)[O-])s1,Nitazoxanide,Tizoxanide glucuronide,O=C(Nc1ncc([N+](=O)[O-])s1)c1ccccc1OC1OC(C(=O)O)C(O)C(O)C1O
O=C(CO)NC(CO)C(O)c1ccc([N+](=O)[O-])cc1,Chloramphenicol Alcohol,Chloramphenicol Oxamic Acid,O=C(O)C(=O)NC(CO)C(O)c1ccc([N+](=O)[O-])cc1
COc1cc2nc(N3CCNCC3)nc(N)c2cc1OC,Free Piperazine Derivative,Diamine Metabolite Of The Piperazine Compound,COc1cc2nc(N)nc(N)c2cc1OC
CC#CCC(C)C(O)C=CC1C(O)CC2CC(=CCC(=O)O)CC21,Dinor-iloprost,Tetranor-iloprost,CC#CCC(C)C(O)C=CC1C(O)CC2CC(C(=O)O)CC21
COC(=O)OCOc1c2n(ccc1=O)N(C1c3ccccc3SCc3c1ccc(F)c3F)C1COCCN1C2=O,Baloxavir marboxil,Baloxavir,O=C1c2c(O)c(=O)ccn2N(C2c3ccccc3SCc3c2ccc(F)c3F)C2COCCN12
CC#CCn1c(NCCCC(O)C(=O)O)nc2c1c(=O)n(Cc1nc(C)c3ccccc3n1)c(=O)n2C,Linagliptin M506(1),Linagliptin M504(2),CC#CCn1c(NCCCC(=O)C(=O)O)nc2c1c(=O)n(Cc1nc(C)c3ccccc3n1)c(=O)n2C
CC#CCC(C)C(O)C=CC1C(O)CC2CC(=CCCCC(=O)O)CC21,Iloprost,Dinor-iloprost,CC#CCC(C)C(O)C=CC1C(O)CC2CC(=CCC(=O)O)CC21
O=C(O)CCC(=O)OCC(NC(=O)C(Cl)Cl)C(O)c1ccc([N+](=O)[O-])cc1,Chloramphenicol succinate,Chloramphenicol,O=C(NC(CO)C(O)c1ccc([N+](=O)[O-])cc1)C(Cl)Cl
CCON=C(C(=O)NC1C(=O)N2C(C(=O)[O-])=C(Sc3nc(-c4cc[n+](C)cc4)cs3)CSC12)c1nsc(NP(=O)(O)O)n1,Ceftaroline fosamil,ceftaroline,CCON=C(C(=O)NC1C(=O)N2C(C(=O)O)=C(Sc3nc(-c4cc[n+](C)cc4)cs3)CSC12)c1nc(=NP(=O)(O)O)s[nH]1
CCOC(=O)C(CCc1ccccc1)NC1CCc2ccccc2N(CC(=O)O)C1=O,Benazepril,Benazeprilat,O=C(O)CN1C(=O)C(NC(CCc2ccccc2)C(=O)O)CCc2ccccc21
O=C1Cc2cc(CCN3CCN(c4n[s+]([O-])c5ccccc45)CC3)c(Cl)cc2N1,Ziprasidone Sulfoxide,Ziprasidone Sulfone,O=C1Cc2cc(CCN3CCN(C4=NS(=O)(=O)c5ccccc54)CC3)c(Cl)cc2N1
CC(C)(Cc1ccccc1)NO,N-hydroxyphentermine,Nitrophentermine,CC(C)(Cc1ccccc1)[N+](=O)[O-]
N=C1CCCN1Cc1[nH]c(=O)[nH]c(=O)c1Cl,Tipiracil,6-(hydroxymethyl)uracil,O=c1cc(CO)[nH]c(=O)[nH]1
COc1ccc(OC)c(C(O)CNC(=O)CN)c1,Midodrine,desglymidodrine,COc1ccc(OC)c(C(O)CN)c1
Cc1nnc2c3ccccc3cnn2c1=O,Hydralazine pyruvate hydrazone tricyclic dehydration product,Hydralazine pyruvate hydrazone,CC(=NNc1nncc2ccccc12)C(=O)O
COc1ccc(Br)c(OC)c1C(=O)NCC1CCCN1,Remoxipride Metabolite FLA 838,Remoxipride Metabolite NCL 118,COc1ccc(Br)c(OC)c1C(=O)NCC1CCC(=O)N1
O=C(O)c1ccc(-c2ccnc(Nc3ccc(N4CCOCC4)cc3)n2)cc1,Momelotinib M19 metabolite,Momelotinib M14 metabolite,O=C(O)c1ccc(-c2ccnc(Nc3ccc(N4CCOCC4=O)cc3)n2)cc1
CC(C)CC(CN)CC(=O)O,Pregabalin,N-methylpregabalin,CC(C)C(C)C(CN)CC(=O)O
CC(=O)OC1CC2(C)C(CC(O)C3C4(C)CCC(O)C(C)C4CCC32C)C1=C(CCC=C(C)C)C(=O)O,Fusidic acid,3-keto fusidic acid,CC(=O)OC1CC2(C)C(CC(O)C3C4(C)CCC(O)C(C)C4CCC32C)C1=C(C(=O)O)C(=O)CC=C(C)C
COc1cc2c(c(OC)c1OC)-c1ccc(OC)c(=O)cc1C(NC(C)=O)CC2,Colchicine,Colchiceine,COc1cc2c(c(OC)c1OC)-c1ccc(O)c(=O)cc1C(NC(C)=O)CC2
CC(C)(C#N)c1cc(Cn2cncn2)cc(C(C)(C)C#N)c1,Anastrozole,"3,5-Bis-(2-methylpropiononitrile)-benzoic acid",CC(C)(C#N)c1cc(C(=O)O)cc(C(C)(C)C#N)c1
Cc1onc(-c2ccccc2)c1-c1ccc(S(=O)O)cc1,Valdecoxib metabolite M7,Valdecoxib metabolite M8,Cc1onc(-c2ccccc2)c1-c1ccc(S(=O)(=O)O)cc1
CC(NP(=O)(OCC1OC(C#N)(c2ccc3c(N)ncnn23)C(O)C1O)Oc1ccccc1)C(=O)O,,Remdesivir cyclic anhydride,CC1NP(=O)(OCC2OC(C#N)(c3ccc4c(N)ncnn34)C(O)C2O)OC1=O
NC(=O)c1cn(Cc2c(F)cccc2F)nn1,Rufinamide,CGP-47292,O=C(O)c1cn(Cc2c(F)cccc2F)nn1
CC(NP(=O)(O)OCC1OC(C#N)(c2ccc3c(N)ncnn23)C(O)C1O)C(=O)O,Remdesivir Alanine Metabolite (Ala-Met; GS-704277),Remdesivir Nucleoside Monophosphate,N#CC1(c2ccc3c(N)ncnn23)OC(COP(=O)(O)O)C(O)C1O
Cc1nc(Cn2c(=O)c3c(nc(N4CCCC(N)C4)n3CC#CCO)n(C)c2=O)nc2ccccc12,Linagliptin M489(1),Linagliptin M531(1),CC(=O)NC1CCCN(c2nc3c(c(=O)n(Cc4nc(C)c5ccccc5n4)c(=O)n3C)n2CC#CCO)C1
CCC(C(N)=O)N1CCCC1=O,Levetiracetam,Levetiracetam carboxylic acid metabolite (L057),CCC(C(=O)O)N1CCCC1=O
Cc1c(Nc2ccccc2C(=O)OC2OC(O)C(O)C(O)C2O)ccc(O)c1Cl,N-(2-methyl-3-chloro-4-hydroxyphenyl)-anthranilic acid,N-(2-methyl-3-chloro-4-metoxyphenyl)-anthranilic acid,COc1ccc(Nc2ccccc2C(O)OC2OC(O)C(O)C(O)C2O)c(C)c1Cl
CCCNCC(O)COc1ccccc1C(=O)CCc1ccccc1,Propafenone,N-depropylpropafenone,NCC(O)COc1ccccc1C(=O)CCc1ccccc1
C[N+]1([O-])CCN(c2ccc(C(=O)Nc3n[nH]c4ccc(Cc5cc(F)cc(F)c5)cc34)c(NC3CCOCC3)c2)CC1,ENB577c,ENB579b,C[N+]1([O-])CCN(c2ccc(C(O)Nc3n[nH]c4ccc(Cc5cc(F)cc(F)c5)cc34)c(NC3CCOCC3)c2)CC1
CC(=O)NNc1nncc2ccccc12,Unnamed hydralazine metabolite,3-methyl-s-triazolophthalazine,Cc1nnc2c3ccccc3cnn12
CCCC(=O)N(c1ccccc1)C1CCN(CCc2ccc(O)cc2)CC1,4'-hydroxy-butyrfentanyl,4'-hydroxy-3'-methoxy-butyrfentanyl,CCCC(=O)N(c1ccccc1)C1CCN(CCc2ccc(O)c(OC)c2)CC1
CCOC(=O)C(CCc1ccccc1)NC(C)C(=O)N1CC2(CC1C(=O)O)SCCS2,Spirapril,Spiraprilat,CC(NC(CCc1ccccc1)C(=O)O)C(=O)N1CC2(CC1C(=O)O)SCCS2
CC(C)c1cccc(C(C)C)c1OCOP(=O)(O)O,Fospropofol,Phosphate,O=P(O)(O)O
COC(=O)C(c1ccccc1)C1CCCCN1C(=O)OC[n+]1cccc(C(=O)NC(CO)C(=O)[O-])c1,Serdexmethylphenidate,Dexmethylphenidate,COC(=O)C(c1ccccc1)C1CCCCN1
Clc1ccccc1CN1CCc2sccc2C1,Ticlopidine,7-Hydroxyticlopidine,OC1CN(Cc2ccccc2Cl)Cc2ccsc21
Clc1ccc2c(c1)C(c1ccccc1)=NCc1nncn1-2,Estazolam,4-hydroxy-estazolam,OC1N=C(c2ccccc2)c2cc(Cl)ccc2-n2cnnc21
CC(=O)N1CCN(c2ccc(OCC3COC(CN4C=NCC4=O)(c4ccc(Cl)cc4Cl)O3)cc2)CC1,Ketoconazole ketone intermediate,Ketoconazole ketone hydroxyl intermediate,CC(=O)N1CCN(c2ccc(OCC3COC(CN4C(=O)CNC4O)(c4ccc(Cl)cc4Cl)O3)cc2)CC1
Cn1c(CCCC(=O)O)nc2cc(N(CCO)CCCl)ccc21,monohydroxy-bendamustine (bendamustine metabolite HP1),dihydroxy-bendamustine (bendamustine metabolite HP2),Cn1c(CCCC(=O)O)nc2cc(N(CCO)CCO)ccc21
CN(C)C(=O)COC(=O)Cc1ccc(OC(=O)c2ccc(NC(=N)N)cc2)cc1,Camostat,4-(4-guanidinobenzoyloxy)phenylacetic Acid,N=C(N)Nc1ccc(C(=O)Oc2ccc(CC(=O)O)cc2)cc1
Nc1nc(=O)c2ncn(COCCO)c2[nH]1,Acyclovir,9-carboxymethoxymethylguanine,N=c1nc(O)c2ncn(COCC(=O)O)c2[nH]1
CC(O)C(C)C(=O)OC1CC(O)C=C2C=CC(C)C(CCC(O)O)C21,3'(S)-hydroxy-pravastatin-tetranor,3'(S)-hydroxy-pravastatin-tetranor glucuronide,CC(O)C(C)C(=O)OC1CC(OC2OC(C(=O)O)C(O)C(O)C2O)C=C2C=CC(C)C(CCC(O)O)C21
CC(=O)c1ccc(S(=O)(=O)NC(=O)NC2CCCCC2)cc1,Acetohexamide,Hydroxyhexamide,CC(O)c1ccc(S(=O)(=O)NC(=O)NC2CCCCC2)cc1
CCCC(C(=O)O)C(O)CC,3-Hydroxyvalproic acid,3-Oxovalproic acid,CCCC(C(=O)O)C(=O)CC
C[N+](C)(C)CCO,Choline C 11,betaine,C[N+](C)(C)C(=O)[O-]
CC(C)C(=O)OCC1OC(n2ccc(=NO)[nH]c2=O)C(O)C1O,Molnupiravir,N4-Hydroxycytidine,O=c1nc(NO)ccn1C1OC(CO)C(O)C1O
CC(O)C(=C(c1ccccc1)c1ccc(OCCN(C)C)cc1)c1ccccc1,α-hydroxytamoxifen,α-hydroxytamoxifen Glucuronide,CC(OC1OC(C(=O)O)C(O)C(O)C1O)C(=C(c1ccccc1)c1ccc(OCCN(C)C)cc1)c1ccccc1
CCCC(NC(=O)C1C2CCCC2CN1C(=O)C(NC(=O)C(NC(=O)c1cnccn1)C1CCCCC1)C(C)(C)C)C(=O)C(=O)NC1CC1,Telaprevir,Pyrazinoic acid,O=C(O)c1cnccn1
Cn1c(=O)c2nc(Cl)[nH]c2n(C)c1=O,Dimenhydrinate,8-chlorotheophylline,Cn1c(=O)c2[nH]c(Cl)nc2n(C)c1=O
CN(C)CCCN1c2ccccc2Sc2ccccc21,Promazine,3-Hydroxypromazine,CN(C)CCCN1c2ccccc2Sc2cc(O)ccc21
CC(=O)OC1(C(C)=O)CCC2C3C=C(Cl)C4=CC(=O)C5CC5C4(C)C3CCC21C,Cyproterone acetate,15beta-hydroxycyproterone acetate,CC(=O)OC1(C(C)=O)CC(O)C2C3C=C(Cl)C4=CC(=O)C5CC5C4(C)C3CCC21C
O=C(OOC(=O)c1ccccc1)c1ccccc1,Benzoyl peroxide,Benzoyloxyl radical,O=C(O)c1ccccc1
CC(C)NCC(O)COc1cccc2ccccc12,Propranolol,α-Naphthoxylactic Acid,O=C(O)C(O)COc1cccc2ccccc12
NCCCC(N)C(=O)O,Ornithine,L-Arginine,N=C(N)NCCCC(N)C(=O)O
CC#CCn1c(N2CCCC(=O)C2)nc2c1c(=O)n(Cc1nc(C)c3ccccc3n1)c(=O)n2C,Linagliptin CD10604,Linagliptin CD1790,CC#CCn1c(N2CCCC(O)C2)nc2c1c(=O)n(Cc1nc(C)c3ccccc3n1)c(=O)n2C
