products	reactants	set
CC(=O)N=C1C=CC(=O)C=C1	CC(=O)Nc1ccc(O)cc1	train
Oc1ccc2[nH]c3c(c2c1)CCNC3	COc1ccc2[nH]c3c(c2c1)CCNC3	train
Oc1ccc(N2CCNCC2)cc1C(F)(F)F	FC(F)(F)c1cccc(N2CCNCC2)c1	train
Cn1c(NO)nc2c3cccnc3ccc21	Cn1c(=N)[nH]c2c3cccnc3ccc21	train
CC(C)N(CCc1c[nH]c2ccc(O)cc12)C(C)C	COc1ccc2[nH]cc(CCN(C(C)C)C(C)C)c2c1	train
FC(F)(F)CCl	FC(F)(F)C(Cl)Br	train
CNC(C)Cc1ccc(O)c(O)c1	CNC(C)Cc1ccc2c(c1)OCO2	train
COC(=O)c1c(C)nc(C)c(C(=O)O)c1-c1cccc([N+](=O)[O-])c1	COC(=O)C1=C(C)NC(C)=C(C(=O)O)C1c1cccc([N+](=O)[O-])c1	train
O=C(c1ccc(O)s1)c1ccc(OCCCO)c(Cl)c1Cl	O=C(c1cccs1)c1ccc(OCCCO)c(Cl)c1Cl	train
COC12CC(CO)CN(C)C1Cc1c[nH]c3cccc2c13	COC12CC(CO)CN(C)C1Cc1cn(C)c3cccc2c13	train
COc1cccc(O)c1-c1ccc(CC(NC(=O)c2c(Cl)cccc2Cl)C(=O)O)cc1	COc1cccc(OC)c1-c1ccc(CC(NC(=O)c2c(Cl)cccc2Cl)C(=O)O)cc1	train
COCCCOc1ccnc(C[S+]([O-])c2nc3ccccc3[nH]2)c1C	COCCCOc1ccnc(CSc2nc3ccccc3[nH]2)c1C	train
CC(NC(N)=O)c1cc2ccccc2[s+]1[O-]	CC(NC(N)=O)c1cc2ccccc2s1	train
NCc1cc(OC(F)(F)F)ccc1O	COc1ccc(OC(F)(F)F)cc1CN	train
Cc1nc2c(c(=O)n(C)c(=O)n2CC2CCCC(O)C2)n1C	Cc1nc2c(c(=O)n(C)c(=O)n2CC2CCCCC2)n1C	train
CC(O)C1(C)CC(O)=NC1=O	CCC1(C)CC(O)=NC1=O	train
CCc1cc(O)cc2c3c([nH]c12)C(CC)(CC(=O)O)OCC3	CCc1cccc2c3c([nH]c12)C(CC)(CC(=O)O)OCC3	train
COC(=O)C1C2CCC(CC1OC(=O)c1ccccc1)N2	COC(=O)C1C(OC(=O)c2ccccc2)CC2CCC1N2C	train
O=C1N=C(O)C(N2C(=O)c3ccccc3C2=O)CC1O	O=C1N=C(O)CCC1N1C(=O)c2ccccc2C1=O	train
CC(c1cc2ccccc2[s+]1[O-])N(O)C(N)=O	CC(c1cc2ccccc2s1)N(O)C(N)=O	train
OC1CCC(C(CC2CCCCN2)C2CCCCC2)CC1	C1CCC(C(CC2CCCCN2)C2CCCCC2)CC1	train
CC1(C)C2CC=C(CO)CC21	CC1=CCC2C(C1)C2(C)C	train
CC(C)NCC(O)COc1ccc(COCCO)cc1	CC(C)NCC(O)COc1ccc(COCCOC(C)C)cc1	train
N#Cc1nn(-c2c(Cl)cc(C(F)(F)F)cc2Cl)c(N)c1S(=O)(=O)C(F)(F)F	N#Cc1nn(-c2c(Cl)cc(C(F)(F)F)cc2Cl)c(N)c1[S+]([O-])C(F)(F)F	train
CCCCNCCC(O)c1cc2c(Cl)cc(Cl)cc2c2cc(C(F)(F)F)ccc12	CCCCN(CCCC)CCC(O)c1cc2c(Cl)cc(Cl)cc2c2cc(C(F)(F)F)ccc12	train
CC(C)C12CC(=O)C(C)(O)C1C2	CC1C(=O)CC2(C(C)C)CC12	train
CC12CCC3c4ccc(O)cc4CCC3C1CCC2O	COc1ccc2c(c1)CCC1C2CCC2(C)C(O)CCC12	train
CC(N)Cc1ccccc1O	COc1ccccc1CC(C)N	train
CC1=C(c2ccc(C(C)C(=O)O)cc2)SC(=O)C1	Cc1ccsc1-c1ccc(C(C)C(=O)O)cc1	train
Cc1c(C)c2c(c(C)c1O)CCC(C)(COc1ccc(CC(SO)C(=O)N=C=O)cc1)O2	Cc1c(C)c2c(c(C)c1O)CCC(C)(COc1ccc(CC3SC(=O)N=C3O)cc1)O2	train
CC(C)(CO)NC(=O)C1CC2CCCCC2CN1CC(O)C(Cc1ccccc1)NC(=O)C(CC(N)=O)NC(=O)c1ccc2ccccc2n1	CC(C)(C)NC(=O)C1CC2CCCCC2CN1CC(O)C(Cc1ccccc1)NC(=O)C(CC(N)=O)NC(=O)c1ccc2ccccc2n1	train
CCOC(=O)c1c(C)nc(C)c(C(=O)OC)c1-c1cccc(Cl)c1Cl	CCOC(=O)C1=C(C)NC(C)=C(C(=O)OC)C1c1cccc(Cl)c1Cl	train
Cc1cc(O)cc(C)c1OCC(C)N	Cc1cccc(C)c1OCC(C)N	train
O=c1c2ccccc2c(Cc2ccc(Cl)cc2)nn1C1CCCNCC1	CN1CCCC(n2nc(Cc3ccc(Cl)cc3)c3ccccc3c2=O)CC1	train
CC(NC(C)(C)CO)C(=O)c1cccc(Cl)c1	CC(NC(C)(C)C)C(=O)c1cccc(Cl)c1	train
O=C(F)C(F)(F)OC(F)F	FC(F)OC(F)(F)C(F)Cl	train
NC1(c2ccccc2Cl)CCCCC1=O	CNC1(c2ccccc2Cl)CCCCC1=O	train
CC(N)Cc1ccc(O)c(O)c1	CC(N)Cc1ccc2c(c1)OCO2	train
COCC(O)c1ccc(OCC(O)CNC(C)C)cc1	COCCc1ccc(OCC(O)CNC(C)C)cc1	train
COc1cc(O)ccc1OCCNCC(O)COc1cccc2[nH]c3ccccc3c12	COc1ccccc1OCCNCC(O)COc1cccc2[nH]c3ccccc3c12	train
CC(C(=O)O)c1ccc(CC(C)(C)O)cc1	CC(C)Cc1ccc(C(C)C(=O)O)cc1	train
NCCC(Oc1ccc(C(F)(F)F)cc1)c1ccccc1	CNCCC(Oc1ccc(C(F)(F)F)cc1)c1ccccc1	train
CC(C(=O)O)c1ccc(-c2ccc(O)cc2)c(F)c1	CC(C(=O)O)c1ccc(-c2ccccc2)c(F)c1	train
CN1C(=O)N=C(O)C(C)(C2=CC(O)CCC2)C1=O	CN1C(=O)N=C(O)C(C)(C2=CCCCC2)C1=O	train
CCC1(c2ccc(O)cc2)C(=O)N(C)C(=O)N=C1O	CCC1(c2ccccc2)C(=O)N(C)C(=O)N=C1O	train
NCCc1cccc(C(F)(F)F)c1	CC(N)Cc1cccc(C(F)(F)F)c1	train
CCCNCC(O)COc1ccc(O)cc1C(=O)CCc1ccccc1	CCCNCC(O)COc1ccccc1C(=O)CCc1ccccc1	train
CNCCC(Oc1ccc(O)cc1C)c1ccccc1	CNCCC(Oc1ccccc1C)c1ccccc1	train
CNCC(c1ccc(OC)cc1)C1(O)CCCCC1	COc1ccc(C(CN(C)C)C2(O)CCCCC2)cc1	train
Cc1cc(N=Nc2ccc(O)cc2C)ccc1N	Cc1cc(N=Nc2ccccc2C)ccc1N	train
Oc1ccc(N2CCNCC2)cc1Cl	Clc1cccc(N2CCNCC2)c1	train
Oc1ccc(N2CCNCC2)cc1	COc1ccc(N2CCNCC2)cc1	train
C[n+]1ccc(-c2ccccc2)cc1	CN1CC=C(c2ccccc2)CC1	train
O=[N+]([O-])c1cc(O)c2ccc3cccc4ccc1c2c34	O=[N+]([O-])c1ccc2ccc3cccc4ccc1c2c34	train
Oc1cccc(CN2CCCCC2)c1	OCCCOc1cccc(CN2CCCCC2)c1	train
Oc1cccc(Cl)c1Cl	Clc1ccccc1Cl	train
Oc1cc(Cl)cc(Cl)c1Cl	Clc1ccc(Cl)c(Cl)c1	train
O=NN1C(O)CCC1c1cccnc1	O=NN1CCCC1c1cccnc1	train
CCCCCc1cc(O)c2c(c1)OC(C)(C)C1CC=C(C(=O)O)CC21	CCCCCc1cc(O)c2c(c1)OC(C)(C)C1CC=C(C=O)CC21	train
CC(=O)N(O)c1ccc2c(c1)Cc1ccccc1-2	CC(=O)Nc1ccc2c(c1)Cc1ccccc1-2	train
NC(=O)c1c(Cl)c(-c2cccnc2)n2c1C(O)CCC2	NC(=O)c1c(Cl)c(-c2cccnc2)n2c1CCCC2	train
Nc1cc2ccc3cccc4ccc(c1)c2c34	O=[N+]([O-])c1cc2ccc3cccc4ccc(c1)c2c34	train
Oc1ccc(O)c(-c2ccccc2)c1	Oc1ccccc1-c1ccccc1	train
CCCc1ccc2c(n1)C=CC1OC21	CCCc1ccc2ccccc2n1	train
O=CC(F)(F)F	FC(F)(F)C(Cl)Cl	train
Oc1cc(Cl)c(-c2cc(Cl)c(Cl)cc2Cl)cc1Cl	Clc1ccc(Cl)c(-c2cc(Cl)c(Cl)cc2Cl)c1	train
N#CC1=C(Cl)C2OC2C=C1Cl	N#Cc1c(Cl)cccc1Cl	train
CC(=O)c1ccccc1O	COc1ccccc1C(C)=O	train
O=c1cc(CCl)c2ccc(O)cc2o1	CCOc1ccc2c(CCl)cc(=O)oc2c1	train
N#Cc1cc2ccc(O)cc2oc1=O	COc1ccc2cc(C#N)c(=O)oc2c1	train
CCOC(=O)c1c(C)nc(C)c(C(=O)OC)c1-c1cccc([N+](=O)[O-])c1	CCOC(=O)C1=C(C)NC(C)=C(C(=O)OC)C1c1cccc([N+](=O)[O-])c1	train
CC(CCC(=O)O)C1CCC2C3C(O)C(O)C4CC(O)CCC4(C)C3CC(O)C12C	CC(CCC(=O)O)C1CCC2C3CCC4CC(O)CCC4(C)C3CC(O)C12C	train
CC(CCC(=O)O)C1CCC2C3C(O)CC4CC(=O)CCC4(C)C3CC(O)C12C	CC(CCC(=O)O)C1CCC2C3C(O)CC4CC(O)CCC4(C)C3CC(O)C12C	train
CC1OC(=O)c2c(O)c(C(=O)NC(Cc3ccccc3)C(=O)O)cc(Cl)c2C1O	CC1Cc2c(Cl)cc(C(=O)NC(Cc3ccccc3)C(=O)O)c(O)c2C(=O)O1	train
Cc1cc2c(s1)Nc1ccccc1N=C2N1CCNCC1O	Cc1cc2c(s1)Nc1ccccc1N=C2N1CCNCC1	train
CCCCNCc1cc(=O)oc2cc(O)ccc12	CCCCNCc1cc(=O)oc2cc(OC)ccc12	train
CCNCc1cc(=O)oc2cc(O)ccc12	CCNCc1cc(=O)oc2cc(OC)ccc12	train
O=c1cc(C(F)(F)F)c2ccc(O)cc2o1	O=c1cc(C(F)(F)F)c2ccc(OCc3cc(C(F)(F)F)ccc3C(F)(F)F)cc2o1	train
Oc1ccc(C(c2ccc(O)c(O)c2)C(Cl)(Cl)Cl)cc1	COc1ccc(C(c2ccc(O)c(O)c2)C(Cl)(Cl)Cl)cc1	train
ONc1ccc(-c2ccccc2)cc1	Nc1ccc(-c2ccccc2)cc1	train
CCC(=C(c1ccc(O)cc1)c1ccc(OCCNC)cc1)c1ccccc1	CCC(=C(c1ccc(O)cc1)c1ccc(OCCN(C)C)cc1)c1ccccc1	train
CNCc1cc(=O)oc2cc(O)ccc12	CNCc1cc(=O)oc2cc(OC)ccc12	train
Nc1cc(C(F)(F)F)c([N+](=O)[O-])cc1O	Nc1ccc([N+](=O)[O-])c(C(F)(F)F)c1	train
O=[N+]([O-])c1ccc(O)cc1	COc1ccc([N+](=O)[O-])cc1	train
Nc1ccc(Cc2ccc(NO)c(Cl)c2)cc1Cl	Nc1ccc(Cc2ccc(N)c(Cl)c2)cc1Cl	train
COc1c(OC)c(OC)c2c(=O)cc(-c3ccc(O)c(O)c3)oc2c1OC	COc1c(OC)c(OC)c2c(=O)cc(-c3ccc(O)cc3)oc2c1OC	train
O=C(O)Cc1cc(O)ccc1Nc1c(Cl)cc(O)cc1Cl	O=C(O)Cc1cc(O)ccc1Nc1c(Cl)cccc1Cl	train
Cc1cc2ccccc2c2ccc3c(c12)C=CC(O)C3O	Cc1cc2ccccc2c2ccc3ccccc3c12	train
Nc1cc2c3c(ccc2c2ccccc12)C(O)C(O)C=C3	Nc1cc2c3ccccc3ccc2c2ccccc12	train
Cc1cc2c3c(ccc2c2ccccc12)C(O)C(O)C=C3	Cc1cc2c3ccccc3ccc2c2ccccc12	train
ONc1cc2c3ccccc3ccc2c2ccccc12	O=[N+]([O-])c1cc2c3ccccc3ccc2c2ccccc12	train
O=c1cc(C(F)(F)F)c2ccc(O)cc2o1	O=c1cc(C(F)(F)F)c2ccc(OCc3ccccc3)cc2o1	train
O=c1ccc2ccc(O)cc2o1	CCOc1ccc2ccc(=O)oc2c1	train
O=c1ccc2nc3ccc(O)cc3oc-2c1	CCOc1ccc2nc3ccc(=O)cc-3oc2c1	train
O=c1ccc2ccc(O)cc2o1	COc1ccc2ccc(=O)oc2c1	train
Cc1c2c(nc3c1ccc1ccccc13)C=CC(O)C2O	Cc1c2ccccc2nc2c1ccc1ccccc12	train
OC1=Nc2c(O)cc(Cl)cc2C(C#CC2(O)CC2)(C(F)(F)F)O1	OC1=Nc2c(O)cc(Cl)cc2C(C#CC2CC2)(C(F)(F)F)O1	train
O=C(O)c1c2ccccc2cc2ccccc12	O=Cc1c2ccccc2cc2ccccc12	train
CC(C=CC1=C(C)CCCC1(C)C)=CC=CC(C)=CC(=O)O	CC(C=CC=C(C)C=CC1=C(C)CCCC1(C)C)=CC=O	train
Cc1cccc(C)c1OCC(=O)NC(Cc1ccccc1)C(O)CC(Cc1ccccc1)NC(=O)C(C(C)C)N1CCC(O)N=C1O	Cc1cccc(C)c1OCC(=O)NC(Cc1ccccc1)C(O)CC(Cc1ccccc1)NC(=O)C(C(C)C)N1CCCN=C1O	train
CC(C#Cc1ccc(C(O)c2ccccc2)s1)N(O)C(N)=O	CC(C#Cc1ccc(Cc2ccccc2)s1)N(O)C(N)=O	train
CC(C)(O)NC(=N)NC(=N)Nc1ccc(Cl)c(Cl)c1	CC(C)NC(=N)NC(=N)Nc1ccc(Cl)c(Cl)c1	train
COC(=O)C(c1ccccc1Cl)N1CCC2=C(CC(=O)S2)C1	COC(=O)C(c1ccccc1Cl)N1CCc2sccc2C1	train
CCNCC#CC(C)(C)OC(=O)C(O)(c1ccccc1)C1CCCCC1	CCN(CC)CC#CC(C)(C)OC(=O)C(O)(c1ccccc1)C1CCCCC1	train
CNC(C)Cc1ccccc1O	CNC(C)Cc1ccccc1OC	train
CC1CC(O)=NN=C1c1ccc2[nH]c(-c3ccc(O)cc3)nc2c1	COc1ccc(-c2nc3cc(C4=NN=C(O)CC4C)ccc3[nH]2)cc1	train
O=C(O)COC(=O)Cc1ccccc1Nc1c(Cl)cc(O)cc1Cl	O=C(O)COC(=O)Cc1ccccc1Nc1c(Cl)cccc1Cl	train
CNCc1nnc2n1-c1ccc(Cl)cc1C(c1ccccc1)=NC2	CN(C)Cc1nnc2n1-c1ccc(Cl)cc1C(c1ccccc1)=NC2	train
COc1cc2c(c3oc(=O)c4c(c13)CCC4=O)C1C(O2)OC2OC21	COc1cc2c(c3oc(=O)c4c(c13)CCC4=O)C1C=COC1O2	train
CCC[S+]([O-])c1ccc2nc(NC(=O)OC)[nH]c2c1	CCCSc1ccc2nc(NC(=O)OC)[nH]c2c1	train
CCC(=O)Nc1ccccc1	CCC(=O)N(c1ccccc1)C1(COC)CCN(CCn2nnn(CC)c2=O)CC1	train
O=C(c1ccccc1CO)N1CCC(=NOS(=O)(=O)O)c2ccc(Cl)cc21	Cc1ccccc1C(=O)N1CCC(=NOS(=O)(=O)O)c2ccc(Cl)cc21	train
CN(C)CCc1c[nH]c2ccc(CS(=O)(=O)N3CCCC3O)cc12	CN(C)CCc1c[nH]c2ccc(CS(=O)(=O)N3CCCC3)cc12	train
CC(C)C1(NC(=O)C2CC3c4cccc5[nH]cc(c45)CC3N(C)C2)OC2(O)C3CCC(O)N3C(=O)CN2C1=O	CC(C)C1(NC(=O)C2CC3c4cccc5[nH]cc(c45)CC3N(C)C2)OC2(O)C3CCCN3C(=O)CN2C1=O	train
CCC(OC(C)=O)C(CC(C)NC)(c1ccccc1)c1ccccc1	CCC(OC(C)=O)C(CC(C)N(C)C)(c1ccccc1)c1ccccc1	train
Cc1nnc2n1-c1ccc(Cl)cc1C(c1ccccc1)=NC2O	Cc1nnc2n1-c1ccc(Cl)cc1C(c1ccccc1)=NC2	train
NC1CCC(O)CC1	Nc1c(Br)cc(Br)cc1CNC1CCC(O)CC1	train
CCCCc1oc2ccccc2c1C(=O)c1cc(I)c(OCCNCC)c(I)c1	CCCCc1oc2ccccc2c1C(=O)c1cc(I)c(OCCN(CC)CC)c(I)c1	train
CNCCC=C1c2ccccc2CCc2ccccc21	CN(C)CCC=C1c2ccccc2CCc2ccccc21	train
CC12CCC3C(CC(O)C4=CC(=O)CCC43C)C1CCC2=O	CC12CCC3C(CCC4=CC(=O)CCC43C)C1CCC2=O	train
Cc1cc(=O)n(-c2ccccc2)[nH]1	Cc1cc(=O)n(-c2ccccc2)n1C	train
CC(OC1OCCNC1c1ccc(F)cc1)c1cc(C(F)(F)F)cc(C(F)(F)F)c1	CC(OC1OCCN(Cc2nc(O)n[nH]2)C1c1ccc(F)cc1)c1cc(C(F)(F)F)cc(C(F)(F)F)c1	train
CCCCCC=CCC=CCC=CC=CC(O)CCCC(=O)O	CCCCCC=CCC=CCC=CCC=CCCCC(=O)O	train
Oc1ccc2ccc(OCCCCN3CCN(c4cccc(Cl)c4Cl)CC3)cc2n1	OC1=Nc2cc(OCCCCN3CCN(c4cccc(Cl)c4Cl)CC3)ccc2CC1	train
COc1cccc(C(C#N)(CCCNCCc2ccc(OC)c(OC)c2)C(C)C)c1	COc1ccc(CCNCCCC(C#N)(c2ccc(OC)c(OC)c2)C(C)C)cc1OC	train
COc1ccc(CCN2CCC(N=c3[nH]c4ccc(O)cc4n3Cc3ccc(F)cc3)CC2)cc1	COc1ccc(CCN2CCC(N=c3[nH]c4ccccc4n3Cc3ccc(F)cc3)CC2)cc1	train
CC(C)c1c(C(=O)Nc2ccccc2O)c(-c2ccccc2)c(-c2ccc(F)cc2)n1CCC(O)CC(O)CC(=O)O	CC(C)c1c(C(=O)Nc2ccccc2)c(-c2ccccc2)c(-c2ccc(F)cc2)n1CCC(O)CC(O)CC(=O)O	train
COC(=O)C1=C(C)NC(C)=C(C(=O)OC2CCNC2)C1c1cccc([N+](=O)[O-])c1	COC(=O)C1=C(C)NC(C)=C(C(=O)OC2CCN(Cc3ccccc3)C2)C1c1cccc([N+](=O)[O-])c1	train
OCCc1cc(O)ccc1Nc1c(Cl)cccc1Cl	OCCc1ccccc1Nc1c(Cl)cccc1Cl	train
Oc1c(O)c2oc2c2c1cc1ccc3cccc4ccc2c1c34	Oc1ccc2c(cc3ccc4cccc5ccc2c3c45)c1O	train
COc1c2c(cc3oc(=O)ccc13)OC1OC21	COc1c2ccoc2cc2oc(=O)ccc12	train
CC1CCC2C(C)C(O)OC3OC4(C)CCCC1C32OO4	CCOC1OC2OC3(C)CCCC4C(C)CCC(C1C)C24OO3	train
CC1CCC2C(C)C(O)OC3OC4(C)CCC1C32OO4	CC1CCC2C(C)C(OCc3ccc(C(=O)O)cc3)OC3OC4(C)CCC1C32OO4	train
CC1OC1c1ccccc1	CC=Cc1ccccc1	train
COC(=O)c1cc(OC)c(O)c(O)c1-c1c(C(=O)OC)cc(OC)c2c1OCO2	COC(=O)c1cc(OC)c2c(c1-c1c(C(=O)OC)cc(OC)c3c1OCO3)OCO2	train
O=c1c(-c2ccc(O)cc2)coc2cc(O)cc(O)c12	COc1ccc(-c2coc3cc(O)cc(O)c3c2=O)cc1	train
Cn1c(=O)c2nc(CO)[nH]c2n(CC2CCCCC2)c1=O	Cc1nc2c(=O)n(C)c(=O)n(CC3CCCCC3)c2[nH]1	train
Oc1cc(Br)c2oc(C3CCNCC3)cc2c1	COc1cc(Br)c2oc(C3CCNCC3)cc2c1	train
CC(C)CC1C(=O)N2C(O)CCC2C2(O)OC(NC(=O)C3C=C4c5cccc6[nH]c(Br)c(c56)CC4N(C)C3)(C(C)C)C(=O)N12	CC(C)CC1C(=O)N2CCCC2C2(O)OC(NC(=O)C3C=C4c5cccc6[nH]c(Br)c(c56)CC4N(C)C3)(C(C)C)C(=O)N12	train
OCc1nnc2n1-c1sc(Br)cc1C(c1ccccc1Cl)=NC2	Cc1nnc2n1-c1sc(Br)cc1C(c1ccccc1Cl)=NC2	train
Cn1c(O)nc2ncn(C)c2c1=O	Cn1c(=O)c2c(ncn2C)n(C)c1=O	train
NC(=O)N1c2ccccc2C2OC2c2ccccc21	NC(=O)N1c2ccccc2C=Cc2ccccc21	train
CNC(=O)Oc1cccc2c(O)cccc12	CNC(=O)Oc1cccc2ccccc12	train
CNC(=O)Oc1cccc2c1OC(C)(C)C2O	CNC(=O)Oc1cccc2c1OC(C)(C)C2	train
NS(=O)(=O)c1ccc(-n2nc(C(F)(F)F)cc2-c2ccc(CO)cc2)cc1	Cc1ccc(-c2cc(C(F)(F)F)nn2-c2ccc(S(N)(=O)=O)cc2)cc1	train
CC(C)c1nc(C(C)C)c(CO)c(-c2ccc(F)cc2)c1C=CC(O)CC(O)CC(=O)O	COCc1c(C(C)C)nc(C(C)C)c(C=CC(O)CC(O)CC(=O)O)c1-c1ccc(F)cc1	train
CC1OC2(CN3CCC2CC3)C[S+]1[O-]	CC1OC2(CS1)CN1CCC2CC1	train
COc1c(O)cc2c(c1OC)-c1ccc(OC)c(=O)cc1C(NC(C)=O)CC2	COc1cc2c(c(OC)c1OC)-c1ccc(OC)c(=O)cc1C(NC(C)=O)CC2	train
CC(Nc1cc(-c2[nH]c(S(C)(=O)=O)nc2-c2ccc(F)cc2)ccn1)c1ccccc1	CSc1nc(-c2ccc(F)cc2)c(-c2ccnc(NC(C)c3ccccc3)c2)[nH]1	train
OC1(c2ccc(Cl)cc2)CCNCC1	OC(CCCN1CCC(O)(c2ccc(Cl)cc2)CC1)c1ccc(F)cc1	train
NS(=O)(=O)c1ccc(-n2nc(C(F)(F)F)cc2-c2ccc(O)cc2)cc1CO	COc1ccc(-c2cc(C(F)(F)F)nn2-c2ccc(S(N)(=O)=O)c(CO)c2)cc1	train
CCC(N)Cc1ccc(O)c(O)c1	CCC(N)Cc1ccc2c(c1)OCO2	train
CC(O)C(C)n1ncn(-c2ccc(N3CCN(c4ccc(OCC5COC(Cn6cncn6)(c6ccc(Cl)cc6Cl)O5)cc4)CC3)cc2)c1=O	CCC(C)n1ncn(-c2ccc(N3CCN(c4ccc(OCC5COC(Cn6cncn6)(c6ccc(Cl)cc6Cl)O5)cc4)CC3)cc2)c1=O	train
Oc1ccc2c(c1)Sc1ccccc1N2CC12CCN(CC1)CC2	c1ccc2c(c1)Sc1ccccc1N2CC12CCN(CC1)CC2	train
CCCN(CCC)CCc1ccc(OC)c(OCCc2cccc(O)c2)c1	CCCN(CCC)CCc1ccc(OC)c(OCCc2ccccc2)c1	train
CC(N)Cc1cccc(O)c1	COc1cccc(CC(C)N)c1	train
CCC(c1ccc(O)cc1)c1c(O)c2ccccc2oc1=O	CCC(c1ccccc1)c1c(O)c2ccccc2oc1=O	train
COc1c(OCO)ccnc1C[S+]([O-])c1nc2ccc(OC(F)F)cc2[nH]1	COc1ccnc(C[S+]([O-])c2nc3ccc(OC(F)F)cc3[nH]2)c1OC	train
O=S(=O)(Cc1cc(OCC2CC2)ccn1)c1nc2ccc(F)cc2[nH]1	[O-][S+](Cc1cc(OCC2CC2)ccn1)c1nc2ccc(F)cc2[nH]1	train
[O-][S+]1c2cc(O)ccc2OC(c2ccc(OCCN3CCCCC3)cc2)C1c1ccc(O)cc1	Oc1ccc(C2Sc3cc(O)ccc3OC2c2ccc(OCCN3CCCCC3)cc2)cc1	train
CS(=O)(=O)c1cccc(C2CCCNC2)c1	CCCN1CCCC(c2cccc(S(C)(=O)=O)c2)C1	train
CNCc1cc(=O)oc2cc(OC)ccc12	COc1ccc2c(CN(C)C)cc(=O)oc2c1	train
COc1cc(C(=O)c2c[nH]c3cc(O)ccc23)cc(O)c1OC	COc1ccc2c(C(=O)c3cc(OC)c(OC)c(OC)c3)c[nH]c2c1	train
N#Cc1c(O)ccc2sc(C(=O)NC(=N)N)cc12	N#Cc1cccc2sc(C(=O)NC(=N)N)cc12	train
CC(NC(=NC#N)Nc1cc[n+]([O-])cc1)C(C)(C)C	CC(NC(=NC#N)N=c1cc[nH]cc1)C(C)(C)C	train
O=S(=O)(Nc1ccnn1-c1ccccc1)c1ccc(CO)cc1	Cc1ccc(S(=O)(=O)Nc2ccnn2-c2ccccc2)cc1	train
Cc1c(CC(=O)NCC(O)c2ccccc2)c2cc(O)ccc2n1C(=O)c1ccc(Cl)cc1	COc1ccc2c(c1)c(CC(=O)NCC(O)c1ccccc1)c(C)n2C(=O)c1ccc(Cl)cc1	train
CCC(N)Cc1ccc2c(c1)OCO2	CCC(Cc1ccc2c(c1)OCO2)NC	train
CC1=C(CO)C(=O)C(C)=C(C(CCCCCC(=O)O)c2ccccc2)C1=O	CC1=C(C)C(=O)C(C(CCCCCC(=O)O)c2ccccc2)=C(C)C1=O	train
CN(C)CCCN1c2ccc(O)cc2Sc2ccc(Cl)cc21	CN(C)CCCN1c2ccccc2Sc2ccc(Cl)cc21	train
Oc1nc(Cl)c(Cl)cc1Cl	CCOP(=S)(OCC)Oc1nc(Cl)c(Cl)cc1Cl	train
Oc1nc2cc(Cl)c(O)cc2o1	Oc1nc2cc(Cl)ccc2o1	train
Oc1ccc(C(c2ccccc2)N2CCN(CC=Cc3ccccc3)CC2)cc1	C(=Cc1ccccc1)CN1CCN(C(c2ccccc2)c2ccccc2)CC1	train
COc1cc(N)c(Cl)cc1C(=O)NC1CCNCC1OC	COc1cc(N)c(Cl)cc1C(=O)NC1CCN(CCCOc2ccc(F)cc2)CC1OC	train
COc1ccc(C(C)CO)cc1CNC1C2CCN(CC2)C1C(c1ccccc1)c1ccccc1	C=C(C)c1ccc(OC)c(CNC2C3CCN(CC3)C2C(c2ccccc2)c2ccccc2)c1	train
COC1(C)CC(OC2C(C)C(=O)OC(C(C)O)C(C)(O)C(O)C(C)C(=O)C(C)CC(C)(OC)C(OC3OC(C)CC(N(C)C)C3O)C2C)OC(C)C1O	CCC1OC(=O)C(C)C(OC2CC(C)(OC)C(O)C(C)O2)C(C)C(OC2OC(C)CC(N(C)C)C2O)C(C)(OC)CC(C)C(=O)C(C)C(O)C1(C)O	train
CCCC1CNC(C(=O)NC(C(C)Cl)C2OC(SC)C(O)C(O)C2O)C1	CCCC1CC(C(=O)NC(C(C)Cl)C2OC(SC)C(O)C(O)C2O)N(C)C1	train
O=C1CC(O)=Nc2ccc(Cl)cc2N1c1ccccc1	CN1C(=O)CC(=O)N(c2ccccc2)c2cc(Cl)ccc21	train
Cc1ncsc1C(O)CCl	Cc1ncsc1CCCl	train
CN(C)CCCN1c2ccccc2CCc2cc(O)c(Cl)cc21	CN(C)CCCN1c2ccccc2CCc2ccc(Cl)cc21	train
CC(O)c1cc2c(s1)N(C)C(=O)CN=C2c1ccccc1Cl	CCc1cc2c(s1)N(C)C(=O)CN=C2c1ccccc1Cl	train
Clc1ccc2c(c1)N=C(N1CCNCC1)c1ccccc1N2	CN1CCN(C2=Nc3cc(Cl)ccc3Nc3ccccc32)CC1	train
CN1CCC23c4c5ccc(O)c4OC2C(O)C=CC3C1C5	COc1ccc2c3c1OC1C(O)C=CC4C(C2)N(C)CCC341	train
O=S(=O)(Nc1ccc(CCNCC(O)c2ccc[n+]([O-])c2)cc1)c1ccc(C2=NC(c3ccc(C(F)(F)F)cc3)=CC2)cc1	O=S(=O)(Nc1ccc(CCNCC(O)c2cccnc2)cc1)c1ccc(C2=NC(c3ccc(C(F)(F)F)cc3)=CC2)cc1	train
CN1C(=O)C(O)CC1c1cccnc1	CN1C(=O)CCC1c1cccnc1	train
O=c1ccc2ccc(O)cc2o1	O=c1ccc2ccccc2o1	train
Oc1ccc(OC(F)(F)F)cc1CNC1CCCNC1c1ccccc1	COc1ccc(OC(F)(F)F)cc1CNC1CCCNC1c1ccccc1	train
NCc1cc(OC(F)(F)F)ccc1O	Oc1ccc(OC(F)(F)F)cc1CNC1CCCNC1c1ccccc1	train
O=S(=O)(Nc1ccc(O)c(CC2COc3ccc(OCc4nc5cc(F)c(F)cc5s4)cc3C2O)c1)C(F)(F)F	COc1ccc(NS(=O)(=O)C(F)(F)F)cc1CC1COc2ccc(OCc3nc4cc(F)c(F)cc4s3)cc2C1O	train
COc1cc(C=CC(=O)CC(=O)C=Cc2ccc(O)c(O)c2)ccc1O	COc1cc(C=CC(=O)CC(=O)C=Cc2ccc(O)c(OC)c2)ccc1O	train
CNCCC=C1c2ccccc2C=Cc2ccccc21	CN(C)CCC=C1c2ccccc2C=Cc2ccccc21	train
C1=CCC(C2CO2)CC1	C=CC1CC=CCC1	train
CNNN=C1N=CN=C1C(N)=O	CN(C)NN=C1N=CN=C1C(N)=O	train
Nc1ccc(S(=O)(=O)c2ccc(NO)cc2)cc1	Nc1ccc(S(=O)(=O)c2ccc(N)cc2)cc1	train
N=C(N)N1Cc2ccccc2C(O)C1	N=C(N)N1CCc2ccccc2C1	train
CC12CCC3C(CC=C4CC(O)CCC43C)C1CC(O)C2=O	CC12CCC3C(CC=C4CC(O)CCC43C)C1CCC2=O	train
CC(C)Nc1ccc(O)nc1N1CCN(C(=O)c2cc3cc(NS(C)(=O)=O)ccc3[nH]2)CC1	CC(C)Nc1cccnc1N1CCN(C(=O)c2cc3cc(NS(C)(=O)=O)ccc3[nH]2)CC1	train
COc1cc(C2c3cc(O)c(O)cc3CC3COC(=O)C32)cc(OC)c1OC	COc1cc(C2c3cc4c(cc3CC3COC(=O)C32)OCO4)cc(OC)c1OC	train
N#Cc1ccc2c(c1)COC2(CCCN)c1ccc(F)cc1	CNCCCC1(c2ccc(F)cc2)OCc2cc(C#N)ccc21	train
C#CC1(O)CCC2C3CCC4=CC(O)CCC4C3C(=C)CC21CC	C#CC1(O)CCC2C3CCC4=CCCCC4C3C(=C)CC21CC	train
CCCCCN(CCCO)C(=O)C(CCC(=O)O)NC(=O)c1ccc(Cl)c(Cl)c1	CCCCCN(CCCOC)C(=O)C(CCC(=O)O)NC(=O)c1ccc(Cl)c(Cl)c1	train
NCC(O)COc1cccc2ccccc12	CC(C)NCC(O)COc1cccc2ccccc12	train
CN1CCC23CCCCC2C1Cc1ccc(O)cc13	COc1ccc2c(c1)C13CCCCC1C(C2)N(C)CC3	train
CCC(=O)OC(Cc1ccccc1)(c1ccccc1)C(C)CNC	CCC(=O)OC(Cc1ccccc1)(c1ccccc1)C(C)CN(C)C	train
COc1ccc(CCNCCCC(C#N)(c2ccc(OC)c(OC)c2)C(C)C)cc1OC	COc1ccc(CCN(C)CCCC(C#N)(c2ccc(OC)c(OC)c2)C(C)C)cc1OC	train
C=CCS[S+]([O-])CC=C	C=CCSSCC=C	train
OC1=Nc2ccc(Cl)cc2C(c2ccccc2)=NC1	CN1C(=O)CN=C(c2ccccc2)c2cc(Cl)ccc21	train
Cc1cc(O)nc(C(C)C)n1	CCOP(=S)(OCC)Oc1cc(C)nc(C(C)C)n1	train
c1ccc2c(c1)c1cccc3ccc4cc5c(ccc6oc65)c2c4c31	c1ccc2c(c1)cc1ccc3cccc4c5ccccc5c2c1c34	train
O=C(OCc1ccccc1)c1ccccc1-c1c2ccc(=O)cc-2oc2cc(O)ccc12	O=C(OCc1ccccc1)c1ccccc1-c1c2ccc(=O)cc-2oc2cc(OCc3ccccc3)ccc12	train
O=C(O)Cc1ccccc1Nc1c(Cl)cc(O)cc1Cl	O=C(O)Cc1ccccc1Nc1c(Cl)cccc1Cl	train
CN1CCC23c4c5ccc(O)c4OC2C(O)CCC3C1C5	COc1ccc2c3c1OC1C(O)CCC4C(C2)N(C)CCC341	train
CNCCN1C(=O)C(OC(C)=O)C(c2ccc(OC)cc2)Sc2ccccc21	COc1ccc(C2Sc3ccccc3N(CCN(C)C)C(=O)C2OC(C)=O)cc1	train
CNCCOC(c1ccccc1)c1ccccc1	CN(C)CCOC(c1ccccc1)c1ccccc1	train
CC(C)NCCC(C(N)=O)(c1ccccc1)c1ccccn1	CC(C)N(CCC(C(N)=O)(c1ccccc1)c1ccccn1)C(C)C	train
O=C(O)CCCC=CCC1C2CC(CC2O)C1NS(=O)(=O)c1ccccc1	O=C(O)CCCC=CCC1C2CCC(C2)C1NS(=O)(=O)c1ccccc1	train
Oc1ccc2c(c1)nc(O)n2CCCN1CCC(n2c(O)nc3cc(Cl)ccc32)CC1	Oc1nc2ccccc2n1CCCN1CCC(n2c(O)nc3cc(Cl)ccc32)CC1	train
CNCCC=C1c2ccccc2COc2ccccc21	CN(C)CCC=C1c2ccccc2COc2ccccc21	train
CC(C)(C)c1ccc(C(=O)CCC=O)cc1	CC(C)(C)c1ccc(C(=O)CCCN2CCC(OC(c3ccccc3)c3ccccc3)CC2)cc1	train
CNC(=O)c1cc(NCC(=O)NCCc2ccc(OC)c(OC)c2)ccc1O	CNC(=O)c1cccc(NCC(=O)NCCc2ccc(OC)c(OC)c2)c1	train
OC1=Nc2c(O)cc(Cl)cc2C(C#CC2CC2)(C(F)(F)F)O1	OC1=Nc2ccc(Cl)cc2C(C#CC2CC2)(C(F)(F)F)O1	train
CCC=CCC=CCC=CCCCCC=CCCCC(=O)O	CCC=CCC=CCC=CCC=CCC=CCCCC(=O)O	train
O=S(=O)(CCc1ccc2c(c1)C(CC1CCCN1)CN2)c1ccccc1	CN1CCCC1CC1CNc2ccc(CCS(=O)(=O)c3ccccc3)cc21	train
COC(=O)C1C(O)C2=CC(=O)CCC2(C)C23OC2CC2(C)C(CCC24CCC(=O)O4)C13	COC(=O)C1CC2=CC(=O)CCC2(C)C23OC2CC2(C)C(CCC24CCC(=O)O4)C13	train
CCC1OCC(C)C(OC2CC(C)(OC)C(O)C(C)O2)C(C)C(OC2OC(C)CC(NC)C2O)C(C)(O)CC(C)CC(C)C(O)C1(C)O	CCC1OCC(C)C(OC2CC(C)(OC)C(O)C(C)O2)C(C)C(OC2OC(C)CC(N(C)C)C2O)C(C)(O)CC(C)CC(C)C(O)C1(C)O	train
COc1ccc2nc([S+]([O-])Cc3ncc(CO)c(OC)c3C)[nH]c2c1	COc1ccc2nc([S+]([O-])Cc3ncc(C)c(OC)c3C)[nH]c2c1	train
OC1N=C(c2ccccc2)c2cc(Cl)ccc2-n2cnnc21	Clc1ccc2c(c1)C(c1ccccc1)=NCc1nncn1-2	train
CC12CCC3c4cc(O)c(O)cc4CCC3C1CCC2=O	CC12CCC3c4ccc(O)cc4CCC3C1CCC2=O	train
O=C(OC1c2nccnc2C(=O)N1c1ccc(Cl)cn1)N1CCNCC1	CN1CCN(C(=O)OC2c3nccnc3C(=O)N2c2ccc(Cl)cn2)CC1	train
CCS(=O)(=O)c1c(C#N)nn(-c2c(Cl)cc(C(F)(F)F)cc2Cl)c1N	CC[S+]([O-])c1c(C#N)nn(-c2c(Cl)cc(C(F)(F)F)cc2Cl)c1N	train
CCOc1ccc2c3c1OC1C(O)C=CC4C(C2)NCCC341	CCOc1ccc2c3c1OC1C(O)C=CC4C(C2)N(C)CCC341	train
CCc1cc2c(s1)-n1c(C)nnc1C(O)N=C2c1ccccc1Cl	CCc1cc2c(s1)-n1c(C)nnc1CN=C2c1ccccc1Cl	train
CCCn1nc(CC)n(CC)c1=O	CCc1nn(CCCN2CCN(c3cccc(Cl)c3)CC2)c(=O)n1CC	train
COc1cc(C2c3cc4c(cc3C(OC3OC5COC(C)OC5C(O)C3O)C3COC(=O)C23)OCO4)cc(O)c1O	COc1cc(C2c3cc4c(cc3C(OC3OC5COC(C)OC5C(O)C3O)C3COC(=O)C23)OCO4)cc(OC)c1O	train
CS(=O)(=O)c1ccc(-c2cc(Cl)cnc2-c2ccc(CO)nc2)cc1	Cc1ccc(-c2ncc(Cl)cc2-c2ccc(S(C)(=O)=O)cc2)cn1	train
C=CCc1ccc(O)c(O)c1	C=CCc1ccc(O)c(OC)c1	train
COc1cc(-c2cc(=O)c3c(O)c(OC)c(O)cc3o2)ccc1O	COc1ccc(-c2cc(=O)c3c(O)c(OC)c(O)cc3o2)cc1OC	train
CCC(=O)N(c1ccccc1)C1CCNCC1	CCC(=O)N(c1ccccc1)C1CCN(CCc2ccccc2)CC1	train
CC(C)(CO)NC(=O)C1CCC2C3CCC4N=C(O)C=CC4(C)C3CCC12C	CC(C)(C)NC(=O)C1CCC2C3CCC4N=C(O)C=CC4(C)C3CCC12C	train
Cn1cc(S(C)(=O)=O)c(=O)c2ccc(F)cc21	Cn1cc([S+](C)[O-])c(=O)c2ccc(F)cc21	train
CC1(C)SC2C(NC(=O)c3c(-c4c(F)cccc4Cl)noc3CO)C(=O)N2C1C(=O)O	Cc1onc(-c2c(F)cccc2Cl)c1C(=O)NC1C(=O)N2C1SC(C)(C)C2C(=O)O	train
Fc1ccc(C(c2ccc(F)cc2)N2CCNCC2)cc1	Fc1ccc(C(c2ccc(F)cc2)N2CCN(CC=Cc3ccccc3)CC2)cc1	train
[O-][S+]1c2ccccc2N(CCCN2CCN(CCO)CC2)c2cc(C(F)(F)F)ccc21	OCCN1CCN(CCCN2c3ccccc3Sc3ccc(C(F)(F)F)cc32)CC1	train
O=[N+]([O-])c1ccc2c(c1)C(c1ccccc1F)=NCC(O)=N2	CN1C(=O)CN=C(c2ccccc2F)c2cc([N+](=O)[O-])ccc21	train
CC(C)(O)C(=O)Nc1ccc([N+](=O)[O-])c(C(F)(F)F)c1	CC(C)C(=O)Nc1ccc([N+](=O)[O-])c(C(F)(F)F)c1	train
NCCON=C(CCCCO)c1ccc(C(F)(F)F)cc1	COCCCCC(=NOCCN)c1ccc(C(F)(F)F)cc1	train
O=c1c(-c2ccc(O)cc2)coc2cc(O)ccc12	COc1ccc(-c2coc3cc(O)ccc3c2=O)cc1	train
Cn1c(=O)c2nc(CO)[nH]c2n(Cc2ccco2)c1=O	Cc1nc2c(=O)n(C)c(=O)n(Cc3ccco3)c2[nH]1	train
O=c1c(O)c(-c2ccc(O)cc2)oc2cc(O)cc(O)c12	O=c1c(O)c(-c2ccccc2)oc2cc(O)cc(O)c12	train
Oc1cc2ncnc(Nc3ccc(F)c(Cl)c3)c2cc1OCCCN1CCOCC1	COc1cc2ncnc(Nc3ccc(F)c(Cl)c3)c2cc1OCCCN1CCOCC1	train
O=c1c(-c2ccc(O)c(O)c2)coc2cc(O)cc(O)c12	O=c1c(-c2ccc(O)cc2)coc2cc(O)cc(O)c12	train
CC1(C)CC(=O)N(CCCCN2CCN(c3ncc(O)cn3)CC2)C(=O)C1O	CC1(C)CC(=O)N(CCCCN2CCN(c3ncccn3)CC2)C(=O)C1	train
COc1cc(O)ccc1C=C1CCCN=C1c1cccnc1	COc1ccc(C=C2CCCN=C2c2cccnc2)c(OC)c1	train
N=C(NO)NN=Cc1c(Cl)cccc1Cl	N=C(N)NN=Cc1c(Cl)cccc1Cl	train
O=C(O)CCC(=O)c1ccc(F)cc1	O=C(CCCN1CCC(O)(c2ccc(Cl)cc2)CC1)c1ccc(F)cc1	train
CC1=NCCc2c1[nH]c1cc(O)ccc21	COc1ccc2c3c([nH]c2c1)C(C)=NCC3	train
COc1cc2[nH]c3c(C)nccc3c2cc1O	COc1ccc2c(c1)[nH]c1c(C)nccc12	train
CNP(=O)(N(C)C)N(C)C	CN(C)P(=O)(N(C)C)N(C)C	train
CN1CCC23c4c5ccc(O)c4OC2C(=O)CCC3C1C5	COc1ccc2c3c1OC1C(=O)CCC4C(C2)N(C)CCC314	train
COc1cc(C(C)O)ccc1OCCCN1CCC(c2noc3cc(F)ccc23)CC1	COc1cc(C(C)=O)ccc1OCCCN1CCC(c2noc3cc(F)ccc23)CC1	train
Cc1ccc(NC(=O)c2ccc(CN3CCNCC3)cc2)cc1Nc1nccc(-c2cccnc2)n1	Cc1ccc(NC(=O)c2ccc(CN3CCN(C)CC3)cc2)cc1Nc1nccc(-c2cccnc2)n1	train
O=[N+]([O-])NC1=NCC(O)N1Cc1ccc(Cl)nc1	O=[N+]([O-])NC1=NCCN1Cc1ccc(Cl)nc1	train
CN(C)CCCN1c2ccccc2CCc2cc(O)ccc21	CN(C)CCCN1c2ccccc2CCc2ccccc21	train
CC(C)(C)NC(=O)C1CN(Cc2ccc[n+]([O-])c2)CCN1CC(O)CC(Cc1ccccc1)C(=O)NC1c2ccccc2CC1O	CC(C)(C)NC(=O)C1CN(Cc2cccnc2)CCN1CC(O)CC(Cc1ccccc1)C(=O)NC1c2ccccc2CC1O	train
CC(=O)Nc1cccc(-c2ccnc3c(C(=O)c4cccs4)cnn23)c1	CC(=O)N(C)c1cccc(-c2ccnc3c(C(=O)c4cccs4)cnn23)c1	train
Oc1c[nH]c2ccccc12	c1ccc2[nH]ccc2c1	train
Cc1c(CC(=O)O)c2cc(O)ccc2n1C(=O)c1ccc(Cl)cc1	COc1ccc2c(c1)c(CC(=O)O)c(C)n2C(=O)c1ccc(Cl)cc1	train
Cc1nc2n(c(=O)c1CCN1CCC(c3noc4cc(F)ccc34)CC1)CC(O)CC2O	Cc1nc2n(c(=O)c1CCN1CCC(c3noc4cc(F)ccc34)CC1)CCCC2O	train
O=c1c(-c2ccccc2)coc2cc(O)ccc12	CC(C)Oc1ccc2c(=O)c(-c3ccccc3)coc2c1	train
CC(O)CCC1=NC2(CCCC2)C(=O)N1Cc1ccc(-c2ccccc2-c2nn[nH]n2)cc1	CCCCC1=NC2(CCCC2)C(=O)N1Cc1ccc(-c2ccccc2-c2nn[nH]n2)cc1	train
CCc1c2c(nc3ccc(OC(=O)N4CCC(NCCCCC(=O)O)CC4)cc13)-c1cc3c(c(=O)n1C2)COC(=O)C3(O)CC	CCc1c2c(nc3ccc(OC(=O)N4CCC(N5CCCCC5)CC4)cc13)-c1cc3c(c(=O)n1C2)COC(=O)C3(O)CC	train
[O-][n+]1ccc2ccccc2c1	c1ccc2cnccc2c1	train
CC(C=CC(O)=C(C)C=CC1=C(C)CCCC1(C)C)=CC(=O)O	CC(C=CC1=C(C)CCCC1(C)C)=CC=CC(C)=CC(=O)O	train
CC(CCC(=O)O)C1CCC2C3C(O)CC4CC(=O)CCC4(C)C3CCC12C	CC(CCC(=O)O)C1CCC2C3C(O)CC4CC(O)CCC4(C)C3CCC12C	train
C[N+]1([O-])CCN(C(=O)NC(Cc2ccccc2)C(=O)NC(C=CS(=O)(=O)c2ccccc2)CCc2ccccc2)CC1	CN1CCN(C(=O)NC(Cc2ccccc2)C(=O)NC(C=CS(=O)(=O)c2ccccc2)CCc2ccccc2)CC1	train
O=c1c(O)c(-c2ccc(O)cc2)oc2cc(O)cc(O)c12	COc1ccc(-c2oc3cc(O)cc(O)c3c(=O)c2O)cc1	train
Cc1cc(O)ccc1N1CCc2c1c1cccc(OC(F)(F)F)c1[nH]c2=NCCO	COc1ccc(N2CCc3c2c2cccc(OC(F)(F)F)c2[nH]c3=NCCO)c(C)c1	train
OC(CN1CCN(CCCc2cc3cc(-n4cnnc4)ccc3[nH]2)CC1)c1cccc(F)c1	Fc1cccc(CCN2CCN(CCCc3cc4cc(-n5cnnc5)ccc4[nH]3)CC2)c1	train
O=P1(NCCCl)NCCCO1	O=P1(N(CCCl)CCCl)NCCCO1	train
O=P1(NCCCl)NCCCO1	O=P1(NCCCl)OCCCN1CCCl	train
O=P1(N(CCCl)CCCl)OCCC(O)N1CCCl	O=P1(N(CCCl)CCCl)OCCCN1CCCl	train
CCN(C(=O)c1c(O)c2c(Cl)cccc2n(C)c1=O)c1ccc(O)cc1	CCN(C(=O)c1c(O)c2c(Cl)cccc2n(C)c1=O)c1ccccc1	train
Cc1cccc(C)c1NC(=O)C1CCCCN1	CCCCN1CCCCC1C(=O)Nc1c(C)cccc1C	train
CC1(C)Cc2c(-c3ccc(O)cc3)c(-c3ccc(Cl)cc3)c(CC(=O)O)n2C1	CC1(C)Cc2c(-c3ccccc3)c(-c3ccc(Cl)cc3)c(CC(=O)O)n2C1	train
CC1(CO)Cc2c(-c3ccccc3)c(-c3ccc(Cl)cc3)c(CC(=O)OCC3OC(O)C(O)C(O)C3O)n2C1	CC1(C)Cc2c(-c3ccccc3)c(-c3ccc(Cl)cc3)c(CC(=O)OCC3OC(O)C(O)C(O)C3O)n2C1	train
CCNCC(=O)Nc1c(C)cccc1C	CCN(CC)CC(=O)Nc1c(C)cccc1C	train
CN(C(=O)c1c(O)c2cccc(O)c2n(C)c1=O)c1ccccc1	CN(C(=O)c1c(O)c2ccccc2n(C)c1=O)c1ccccc1	train
CC(O)C(O)CCCn1c(=O)c2c(ncn2C)n(C)c1=O	CC(O)CCCCn1c(=O)c2c(ncn2C)n(C)c1=O	train
CNC(=O)C(CCN1CCC(O)(c2ccc(Cl)cc2)CC1)(c1ccccc1)c1ccccc1	CN(C)C(=O)C(CCN1CCC(O)(c2ccc(Cl)cc2)CC1)(c1ccccc1)c1ccccc1	train
Clc1ccc2c(c1)CCc1cccnc1C2=C1CCNCC1	CCOC(=O)N1CCC(=C2c3ccc(Cl)cc3CCc3cccnc32)CC1	train
CN1C(C(=O)Nc2ccc(O)cn2)=C(O)c2sc(Cl)cc2S1(=O)=O	CN1C(C(=O)Nc2ccccn2)=C(O)c2sc(Cl)cc2S1(=O)=O	train
CCCCc1nc(Cl)c(C(=O)O)n1Cc1ccc(-c2ccccc2-c2nn[nH]n2)cc1	CCCCc1nc(Cl)c(CO)n1Cc1ccc(-c2ccccc2-c2nn[nH]n2)cc1	train
CCC(C)C(=O)OC1CC(C)(O)C=C2C=CC(C)C(CCC3CC(O)CC(=O)O3)C21	CCC(C)C(=O)OC1CC(C)C=C2C=CC(C)C(CCC3CC(O)CC(=O)O3)C21	train
Cc1ccc(O)c(C)c1	Cc1cccc(C)c1	train
NCCCC12CCC(c3ccccc31)c1ccccc12	CNCCCC12CCC(c3ccccc31)c1ccccc12	train
Cc1c(CO)cccc1Nc1ccccc1C(=O)O	Cc1cccc(Nc2ccccc2C(=O)O)c1C	train
Cc1cnc2ccc3c(nc(NO)n3C)c2n1	Cc1cnc2ccc3c([nH]c(=N)n3C)c2n1	train
COc1cc2c(CCNC(C)=O)c[nH]c2cc1O	COc1ccc2[nH]cc(CCNC(C)=O)c2c1	train
CN1C(C(=O)Nc2ncc(CO)s2)=C(O)c2ccccc2S1(=O)=O	Cc1cnc(NC(=O)C2=C(O)c3ccccc3S(=O)(=O)N2C)s1	train
CCOC(=O)C1(c2ccccc2)CCNCC1	CCOC(=O)C1(c2ccccc2)CCN(C)CC1	train
Cc1cc(O)ccc1-n1c(C)nc2ccccc2c1=O	Cc1ccccc1-n1c(C)nc2ccccc2c1=O	train
COc1c2c(cc3ccc(=O)oc13)C1OC1O2	COc1c2occc2cc2ccc(=O)oc12	train
C=CC(O)c1ccc(OC)c(OC)c1	C=CCc1ccc(OC)c(OC)c1	train
CCNCCNC(=O)c1cc(Cl)c(N)cc1OC	CCN(CC)CCNC(=O)c1cc(Cl)c(N)cc1OC	train
OCc1ncc2n1-c1ccc(Cl)cc1C(c1ccccc1F)=NC2	Cc1ncc2n1-c1ccc(Cl)cc1C(c1ccccc1F)=NC2	train
CC#CC1(O)CCC2C3CCC4=CC(=O)CCC4=C3C(c3ccc(NC)cc3)CC21C	CC#CC1(O)CCC2C3CCC4=CC(=O)CCC4=C3C(c3ccc(N(C)C)cc3)CC21C	train
Cc1cc(-c2ccc(O)cc2)n[nH]c1=NCCN1CCOCC1	Cc1cc(-c2ccccc2)n[nH]c1=NCCN1CCOCC1	train
CC(C)(O)c1ccccc1CCC(c1cccc(C=Cc2ccc3ccc(Cl)cc3n2)c1)[S+]([O-])CC1(CC(=O)O)CC1	CC(C)(O)c1ccccc1CCC(SCC1(CC(=O)O)CC1)c1cccc(C=Cc2ccc3ccc(Cl)cc3n2)c1	train
Oc1ccc2c3c1OC1C(O)C=CC4C(CNCC341)C2	CN1CC2Cc3ccc(O)c4c3C3(C1)C2C=CC(O)C3O4	train
Cc1oc(-c2ccccc2)nc1CCOc1ccc(CN(CC(=O)O)C(=O)Oc2ccc(O)cc2)cc1	COc1ccc(OC(=O)N(CC(=O)O)Cc2ccc(OCCc3nc(-c4ccccc4)oc3C)cc2)cc1	train
CC(=CCc1c(O)c(C)c2c(c1O)C(=O)OC2)CCC(=O)O	COc1c(C)c2c(c(O)c1CC=C(C)CCC(=O)O)C(=O)OC2	train
C=CCc1cc(O)c(O)c(OC)c1	C=CCc1cc(OC)c2c(c1)OCO2	train
CC(=O)NC(C[S+]([O-])C(F)(F)C(OCF)C(F)F)C(=O)O	CC(=O)NC(CSC(F)(F)C(OCF)C(F)F)C(=O)O	train
CC(=O)NC(C[S+]([O-])C(F)=C(OCF)C(F)F)C(=O)O	CC(=O)NC(CSC(F)=C(OCF)C(F)F)C(=O)O	train
NC(C[S+]([O-])C(Cl)=C(Cl)C(Cl)=C(Cl)Cl)C(=O)O	NC(CSC(Cl)=C(Cl)C(Cl)=C(Cl)Cl)C(=O)O	train
CNc1ccccc1C(=O)NC(=O)Nc1ccc(Oc2ncc(Br)cn2)c(C)c1	Cc1cc(NC(=O)NC(=O)c2ccccc2N(C)C)ccc1Oc1ncc(Br)cn1	train
COc1ccc2c(c1)c(CC(=O)NCC(O)c1ccccc1)c(C)n2C(=O)c1ccc(Cl)cc1	COc1ccc2c(c1)c(CC(=O)NCCc1ccccc1)c(C)n2C(=O)c1ccc(Cl)cc1	train
O=NN(CO)c1ccccc1	CN(N=O)c1ccccc1	train
CCCCN(N=O)C(O)CCC	CCCCN(CCCC)N=O	train
CCNS(=O)(=O)NC1CC2c3cccc4c3c(cn4CC)CC2N(C)C1	CCN(CC)S(=O)(=O)NC1CC2c3cccc4c3c(cn4CC)CC2N(C)C1	train
CCN(C=O)C(C)O	CCN(C=O)CC	train
CN(C)CCc1c[nH]c2ccc(O)cc12	COc1ccc2[nH]cc(CCN(C)C)c2c1	train
COc1ccc2cc(C(O)CC(C)=O)ccc2c1	COc1ccc2cc(CCC(C)=O)ccc2c1	train
Oc1ccc2ccccc2c1	c1ccc2ccccc2c1	train
CC(C(=O)O)c1ccc2cc(O)ccc2c1	COc1ccc2cc(C(C)C(=O)O)ccc2c1	train
CCc1nn(CCCN2CCN(c3ccc(O)c(Cl)c3)CC2)c(=O)n1CCOc1ccccc1	CCc1nn(CCCN2CCN(c3cccc(Cl)c3)CC2)c(=O)n1CCOc1ccccc1	train
Cc1cc(O)nc2c1N=C(O)c1cccnc1N2C1CC1	Cc1ccnc2c1N=C(O)c1cccnc1N2C1CC1	train
C[N+]1=CCCC1c1cccnc1	CN1CCCC1c1cccnc1	train
COC(=O)c1c(C)nc(C)c(C(=O)OC)c1-c1ccccc1[N+](=O)[O-]	COC(=O)C1=C(C)NC(C)=C(C(=O)OC)C1c1ccccc1[N+](=O)[O-]	train
CN(CCC(O)C(=O)c1ccc[n+]([O-])c1)N=O	CN(CCC(O)C(=O)c1cccnc1)N=O	train
OC1=Nc2ccc(Cl)cc2C(c2ccccc2)=NC1O	OC1=Nc2ccc(Cl)cc2C(c2ccccc2)=NC1	train
CNCCC=C1c2ccccc2CC(O)c2ccccc21	CNCCC=C1c2ccccc2CCc2ccccc21	train
Cc1ccc(O)cc1C	Cc1ccccc1C	train
CN1CCN(C2=Nc3ccccc3Nc3sc(CO)cc32)CC1	Cc1cc2c(s1)Nc1ccccc1N=C2N1CCN(C)CC1	train
O=C(O)CCCCCCCC=CCCCCCCCCO	CCCCCCCCC=CCCCCCCCC(=O)O	train
CNCCC=C1c2ccccc2COc2ccc(CC(=O)O)cc21	CN(C)CCC=C1c2ccccc2COc2ccc(CC(=O)O)cc21	train
CNc1ccc(C2CC3(C)C(CCC3(O)CCCO)C3CCC4=CC(=O)CCC4=C23)cc1	CN(C)c1ccc(C2CC3(C)C(CCC3(O)CCCO)C3CCC4=CC(=O)CCC4=C23)cc1	train
COC(=O)c1c(C)nc(C)c(C(=O)O)c1-c1cccc([N+](=O)[O-])c1	COC(=O)c1c(C)nc(C)c(C(=O)OCC=Cc2ccccc2)c1-c1cccc([N+](=O)[O-])c1	train
C#CC1(O)C=CC2C3C(O)CC4=CC(=O)CCC4C3C(=C)CC21C	C#CC1(O)C=CC2C3CCC4=CC(=O)CCC4C3C(=C)CC21C	train
CN1CCC23c4c5ccc(O)c4OC2C(=O)CCC3(O)C1C5	COc1ccc2c3c1OC1C(=O)CCC4(O)C(C2)N(C)CCC314	train
Cc1ccc(O)c(O)c1	Cc1ccc(O)cc1	train
Cc1ccc(CO)cc1	Cc1ccc(C)cc1	train
CC(O)CCCCCCCCCCCCCC(=O)O	CCCCCCCCCCCCCCCC(=O)O	train
CCn1cc(C(=O)O)c(=O)c2cc(F)c(N3CCNCC3)cc21	CCn1cc(C(=O)O)c(=O)c2cc(F)c(N3CCN(C)CC3)cc21	train
Oc1c(Cl)c(Cl)c(Cl)c(Cl)c1Cl	Clc1cc(Cl)c(Cl)c(Cl)c1Cl	train
CN1CCN(CCCN2c3ccccc3[S+]([O-])c3ccccc32)CC1	CN1CCN(CCCN2c3ccccc3Sc3ccccc32)CC1	train
Clc1ccc2c(c1)N(CCCN1CCNCC1)c1ccccc1S2	OCCN1CCN(CCCN2c3ccccc3Sc3ccc(Cl)cc32)CC1	train
Oc1ccc2c(ccc3ccccc32)c1O	c1ccc2c(c1)ccc1ccccc12	train
N=C(N)NC(=N)NCCc1ccc(O)cc1	N=C(N)NC(=N)NCCc1ccccc1	train
OC1=NC(c2ccccc2)(c2cccc(O)c2)C(O)=N1	OC1=NC(c2ccccc2)(c2ccccc2)C(O)=N1	train
Oc1nc2ccccc2n1C1CCNCC1	Oc1nc2ccccc2n1C1CCN(CCCC(c2ccc(F)cc2)c2ccc(F)cc2)CC1	train
CN1C(C(=O)Nc2ccc(O)cn2)=C(O)c2ccccc2S1(=O)=O	CN1C(C(=O)Nc2ccccn2)=C(O)c2ccccc2S1(=O)=O	train
Nc1ncnc2c1ncn2CCOCP(=O)(O)O	Nc1ncnc2c1ncn2CCOCP1(=O)OCCC(c2cccc(Cl)c2)O1	train
CC(=O)C1C(O)CC2C3CC=C4CC(O)CCC4(C)C3CCC21C	CC(=O)C1CCC2C3CC=C4CC(O)CCC4(C)C3CCC12C	train
CN(C)CCCN1c2ccccc2[S+]([O-])c2ccccc21	CN(C)CCCN1c2ccccc2Sc2ccccc21	train
CC(C)c1cc(O)cc(C(C)C)c1O	CC(C)c1cccc(C(C)C)c1O	train
O=c1ccc2cc3c(cc2o1)OC1OC31	O=c1ccc2cc3ccoc3cc2o1	train
CNCCCn1nc2c3c(c([N+](=O)[O-])ccc31)Nc1ccc(OC)cc1-2	COc1ccc2c(c1)-c1nn(CCCN(C)C)c3ccc([N+](=O)[O-])c(c13)N2	train
CC(O)CCCCCCCCCCCCCCCC(=O)O	CCCCCCCCCCCCCCCCCC(=O)O	train
O=C1CN=C(c2ccccc2F)c2cc(Cl)ccc2N1CC(F)(F)F	Fc1ccccc1C1=NCC(=S)N(CC(F)(F)F)c2ccc(Cl)cc21	train
C=CC1(O)CN2CCC1CC2C(O)c1ccnc2ccc(OC)cc12	C=CC1CN2CCC1CC2C(O)c1ccnc2ccc(OC)cc12	train
C1=CC2OC2c2cccnc21	c1ccc2ncccc2c1	train
CCNCCCC(C)N=c1c2ccc(Cl)cc2[nH]c2ccc(OC)cc12	CCN(CC)CCCC(C)N=c1c2ccc(Cl)cc2[nH]c2ccc(OC)cc12	train
c1ccc2c(c1)Cc1ccccc1N1CCNCC21	CN1CCN2c3ccccc3Cc3ccccc3C2C1	train
O=C(c1ccc(OCCN2CCCCC2)cc1)c1c(-c2ccc(O)cc2)sc2c(O)c(O)ccc12	O=C(c1ccc(OCCN2CCCCC2)cc1)c1c(-c2ccc(O)cc2)sc2cc(O)ccc12	train
CNCc1ccc(CSCCNC(=C[N+](=O)[O-])NC)o1	CNC(=C[N+](=O)[O-])NCCSCc1ccc(CN(C)C)o1	train
Oc1ccccc1OC(c1ccccc1)C1CNCCO1	CCOc1ccccc1OC(c1ccccc1)C1CNCCO1	train
O=C(OC1CC2CC3CC(C1)[N+]2([O-])CC3O)c1c[nH]c2ccccc12	O=C(OC1CC2CC3CC(C1)N2CC3O)c1c[nH]c2ccccc12	train
CC(C=CC=C(C)C=CC1=C(C)CCCC1(C)C)=CC=O	CC(C=CC1=C(C)CCCC1(C)C)=CC=CC(C)=CCO	train
C=C1CC(=CC)C(=O)OC2CC[N+]3([O-])CC=C(COC(=O)C1(O)CO)C23	C=C1CC(=CC)C(=O)OC2CCN3CC=C(COC(=O)C1(O)CO)C23	train
N=c1[nH]c2c(O)cc(OC(F)(F)F)cc2s1	N=c1[nH]c2ccc(OC(F)(F)F)cc2s1	train
Cc1nc2n(c(=O)c1CCN1CCC(c3noc4cc(F)ccc34)CC1)CC(O)CC2	Cc1nc2n(c(=O)c1CCN1CCC(c3noc4cc(F)ccc34)CC1)CCCC2	train
CCCNCCc1cccc2c1CC(O)=N2	CCCN(CCC)CCc1cccc2c1CC(O)=N2	train
CNCC1CCn2cc(c3ccccc32)C2=C(C(=O)N=C2O)c2cn(c3ccccc23)CCO1	CN(C)CC1CCn2cc(c3ccccc32)C2=C(C(=O)N=C2O)c2cn(c3ccccc23)CCO1	train
CCN(CC)C(=O)[S+](C)[O-]	CCN(CC)C(=O)SC	train
CCc1cccc(C)c1N(C(=O)CCl)C(C)CO	CCc1cccc(C)c1N(C(=O)CCl)C(C)COC	train
O=C(O)c1cc(O)ccc1O	O=C(O)c1ccccc1O	train
OCc1cc(C(O)CNCCCCCCOCCCC(O)c2ccccc2)ccc1O	OCc1cc(C(O)CNCCCCCCOCCCCc2ccccc2)ccc1O	train
COc1cc([N+](=O)[O-])ccc1NN=C(C(C)=O)C(=O)Nc1ccc(O)cc1OC	COc1cc([N+](=O)[O-])ccc1NN=C(C(C)=O)C(=O)Nc1ccccc1OC	train
COC(=O)C(c1ccccc1Cl)N1CCC(S)=C(CC=O)C1	COC(=O)C(c1ccccc1Cl)N1CCC2=C(CC(=O)S2)C1	train
CCCC(O)CCOc1ccc2ccc(=O)oc2c1	CCCCCCOc1ccc2ccc(=O)oc2c1	train
CSc1ccc2c(c1)N(CCC1CCCCN1C)c1ccccc1S2	CN1CCCCC1CCN1c2ccccc2Sc2ccc([S+](C)[O-])cc21	train
CCC(C(=O)c1ccc(CO)cc1)N1CCCC1	CCC(C(=O)c1ccc(C)cc1)N1CCCC1	train
CC[N+](C)(CC)CCc1c(O)oc2cc(=O)ccc-2c1C	CC[N+](C)(CC)CCc1c(C)c2ccc(OC)cc2oc1=O	train
OC1=Nc2ccc(Cl)cc2C(c2ccccc2)=NC1O	CN1C(=O)C(O)N=C(c2ccccc2)c2cc(Cl)ccc21	train
COC1CN(c2ccc3c(=O)c(C(=O)O)cn(-c4nccs4)c3n2)CC1N	CNC1CN(c2ccc3c(=O)c(C(=O)O)cn(-c4nccs4)c3n2)CC1OC	train
Cn1nnc(CNc2ccc(Cl)cc2)n1	COC(OC)C1(C)Oc2ccc(N)cc2C(N(Cc2nnn(C)n2)c2ccc(Cl)cc2)C1O	train
CNC(=O)Cc1ccc2ccn(C3CCN(C(O)Cc4ccccc4F)CC3)c2c1	CNC(=O)Cc1ccc2ccn(C3CCN(CCc4ccccc4F)CC3)c2c1	train
CCCOc1ccc(S(N)(=O)=O)cc1-c1nc2c(CCC)nn(C)c2c(=O)[nH]1	CCCOc1ccc(S(=O)(=O)NCCC2CCCN2C)cc1-c1nc2c(CCC)nn(C)c2c(=O)[nH]1	train
CC(C)(C)c1cc(CC2C(O)=NC[S+]2[O-])cc(C(C)(C)C)c1O	CC(C)(C)c1cc(CC2SCN=C2O)cc(C(C)(C)C)c1O	train
C[N+](C)([O-])CCCCCN1c2ccccc2Sc2ccc(C(F)(F)F)cc21	CN(C)CCCCCN1c2ccccc2Sc2ccc(C(F)(F)F)cc21	train
CC(C#Cc1ccc(C(O)c2ccccc2)s1)NC(N)=O	CC(C#Cc1ccc(Cc2ccccc2)s1)NC(N)=O	train
O=C1N=C(O)C(O)(Cc2ccc(C(=O)NCc3ccc(C(F)(F)F)cc3)c(O)c2)S1	COc1cc(CC2SC(=O)N=C2O)ccc1C(=O)NCc1ccc(C(F)(F)F)cc1	train
CC1C(=O)N(C)C(c2cccnc2)[S+]1[O-]	CC1SC(c2cccnc2)N(C)C1=O	train
C#CCNC(C)Cc1ccccc1	C#CCN(C)C(C)Cc1ccccc1	train
CC=C1CC(C)C(C)(O)C(=O)OCC2=CCN3CCC(OC1=O)C23O	CC=C1CC(C)C(C)(O)C(=O)OCC2=CCN3CCC(OC1=O)C23	train
CCc1c[nH]c2ccc(O)cc12	NCCc1c[nH]c2ccc(O)cc12	train
OC1=NC(O)CN1CCN1CCC(c2cn(-c3ccc(F)cc3)c3ccc(Cl)cc23)CC1	OC1=NCCN1CCN1CCC(c2cn(-c3ccc(F)cc3)c3ccc(Cl)cc23)CC1	train
NC1CCC(c2ccc(Cl)c(Cl)c2)c2ccccc21	CNC1CCC(c2ccc(Cl)c(Cl)c2)c2ccccc21	train
CCCc1nn(C)c2c(=O)[nH]c(-c3cc([SH](=O)=O)ccc3OCC)nc12	CCCc1nn(C)c2c(=O)[nH]c(-c3cc(S(=O)(=O)N4CCN(C)CC4)ccc3OCC)nc12	train
CCC(C)(C)C(=O)OC1CC(C)(O)C=C2C=CC(C)C(CCC3CC(O)CC(=O)O3)C21	CCC(C)(C)C(=O)OC1CC(C)C=C2C=CC(C)C(CCC3CC(O)CC(=O)O3)C21	train
OC12CCCCN1CC1CC2CN2CCCCC12	C1CCN2CC3CC(CN4CCCCC34)C2C1	train
O=S(=O)(Nc1ncccn1)c1ccc(NO)cc1	Nc1ccc(S(=O)(=O)Nc2ncccn2)cc1	train
Cc1cc(NS(=O)(=O)c2ccc(NO)cc2)no1	Cc1cc(NS(=O)(=O)c2ccc(N)cc2)no1	train
O=c1c(O)c(-c2ccc(O)c(O)c2)oc2cc(O)cc(O)c12	COc1ccc(-c2oc3cc(O)cc(O)c3c(=O)c2O)cc1O	train
CCC(=C(c1ccccc1)c1ccc(OCCNC)cc1)c1ccccc1	CCC(=C(c1ccccc1)c1ccc(OCCN(C)C)cc1)c1ccccc1	train
CCOc1ccc(O)cc1OCCNC(C)Cc1ccc(OC)c(S(N)(=O)=O)c1	CCOc1ccccc1OCCNC(C)Cc1ccc(OC)c(S(N)(=O)=O)c1	train
COc1c(OC)c(OC)c2c(=O)cc(-c3ccc(O)cc3)oc2c1OC	COc1ccc(-c2cc(=O)c3c(OC)c(OC)c(OC)c(OC)c3o2)cc1	train
CNS(=O)(=O)CCNC(=O)N(CCCl)N=O	CN(C)S(=O)(=O)CCNC(=O)N(CCCl)N=O	train
CC(NCCCc1ccccc1Cl)c1cccc(O)c1	COc1cccc(C(C)NCCCc2ccccc2Cl)c1	train
CCCCCNC(=N)NN=Cc1c[nH]c2ccc(O)cc12	CCCCCNC(=N)NN=Cc1c[nH]c2ccc(OC)cc12	train
COc1cc(C2c3cc4c(cc3C(OC3OC5COC(c6cccs6)OC5C(O)C3O)C3COC(=O)C23)OCO4)cc(O)c1O	COc1cc(C2c3cc4c(cc3C(OC3OC5COC(c6cccs6)OC5C(O)C3O)C3COC(=O)C23)OCO4)cc(OC)c1O	train
CN1C(=C(O)Nc2ccc(O)cn2)C(=O)c2sccc2S1(=O)=O	CN1C(=C(O)Nc2ccccn2)C(=O)c2sccc2S1(=O)=O	train
CC(C)(C)C#CC=CCNCc1cccc2ccccc12	CN(CC=CC#CC(C)(C)C)Cc1cccc2ccccc12	train
CC(O)N=c1nc(Cl)nc(NC(C)(C)C)[nH]1	CCN=c1nc(Cl)nc(NC(C)(C)C)[nH]1	train
COc1cc(-c2cc3c(c(=O)o2)CC2(O)C(C)(CCC4(O)C(C)(CO)C=CC(=O)C42C)O3)cc2c1OCO2	COc1cc(-c2cc3c(c(=O)o2)CC2(O)C(C)(CCC4(O)C(C)(C)C=CC(=O)C42C)O3)cc2c1OCO2	train
CCC(C)(C)O	CCC(C)(C)OC	train
CC(C)(C)O	CCOC(C)(C)C	train
CC12CCC(=O)C=C1C(O)CC1C2CCC2(C)C(O)CCC12	CC12CCC(=O)C=C1CCC1C2CCC2(C)C(O)CCC12	train
CC(O)CCCCCCCCCCCC(=O)O	CCCCCCCCCCCCCC(=O)O	train
O=C(O)CCC1C2CC(O)C(C2)C1NS(=O)(=O)c1ccccc1	O=C(O)CCC1C2CCC(C2)C1NS(=O)(=O)c1ccccc1	train
Cn1cnc2nc(O)nc(O)c21	Cn1cnc2c1c(O)nc(=O)n2C	train
Cn1c(=O)c2nc(O)[nH]c2n(C)c1=O	Cn1c(=O)c2nc[nH]c2n(C)c1=O	train
Oc1ccc2nc(-c3cscn3)[nH]c2c1	c1ccc2[nH]c(-c3cscn3)nc2c1	train
O=C(O)COc1ccc(C(=O)c2ccc[s+]2[O-])c(Cl)c1Cl	O=C(O)COc1ccc(C(=O)c2cccs2)c(Cl)c1Cl	train
CC(C)(C)NCC(O)COc1nsnc1N1CCOC(O)C1	CC(C)(C)NCC(O)COc1nsnc1N1CCOCC1	train
CCCCNC(=O)NS(=O)(=O)c1ccc(CO)cc1	CCCCNC(=O)NS(=O)(=O)c1ccc(C)cc1	train
Cc1ccc(O)c(C(CCNC(C)C)c2ccccc2)c1	Cc1ccc(O)c(C(CCN(C(C)C)C(C)C)c2ccccc2)c1	train
CC(C)NC(=O)NS(=O)(=O)c1c[nH]ccc1=Nc1cccc(CO)c1	Cc1cccc(N=c2cc[nH]cc2S(=O)(=O)NC(=O)NC(C)C)c1	train
CNCCOc1ccc(C(=C(CCCl)c2ccccc2)c2ccccc2)cc1	CN(C)CCOc1ccc(C(=C(CCCl)c2ccccc2)c2ccccc2)cc1	train
CCn1ncnc1COc1nn2c(-c3ccccc3F)nnc2cc1C(C)(C)CO	CCn1ncnc1COc1nn2c(-c3ccccc3F)nnc2cc1C(C)(C)C	train
CC(C(O)c1ccc(O)c(O)c1)N1CCC(O)(c2ccccc2)CC1	CC(C(O)c1ccc(O)cc1)N1CCC(O)(c2ccccc2)CC1	train
OCc1nnc2n1-c1ccc(Cl)cc1C(c1ccccc1Cl)=NC2	Cc1nnc2n1-c1ccc(Cl)cc1C(c1ccccc1Cl)=NC2	train
CC(CCCC(C)(C)O)C1CCC2C3C(O)CC4CC(O)CCC4(C)C3CC(O)C12C	CC(C)CCCC(C)C1CCC2C3C(O)CC4CC(O)CCC4(C)C3CC(O)C12C	train
CC1(C)OC(=O)N=C1O	CN1C(=O)OC(C)(C)C1=O	train
NCCc1ccc(O)c(O)c1	NCCc1ccc(O)cc1	train
O=C(O)CC(c1ccc(O)nc1)N1CCN(CCCc2ccc3c(n2)NCCC3)C1=O	COc1ccc(C(CC(=O)O)N2CCN(CCCc3ccc4c(n3)NCCC4)C2=O)cn1	train
O=C(NC(Cc1cc(O)nc2c(O)cccc12)C(=O)O)c1ccc(Cl)cc1	O=C(NC(Cc1cc(O)nc2ccccc12)C(=O)O)c1ccc(Cl)cc1	train
CCCOc1ccc(S(=O)(=O)N2CCNCC2)cc1-c1nc2c(CC)n(Cc3ccccn3)nc2c(=O)[nH]1	CCCOc1ccc(S(=O)(=O)N2CCN(CC)CC2)cc1-c1nc2c(CC)n(Cc3ccccn3)nc2c(=O)[nH]1	train
CC(N)Cc1ccccc1	CC(Cc1ccccc1)NCCC#N	train
CCCC1OC2CC3C4CC(F)C5=CC(=O)CCC5(C)C4(F)C(O)CC3(C)C2([S+](C)[O-])O1	CCCC1OC2CC3C4CC(F)C5=CC(=O)CCC5(C)C4(F)C(O)CC3(C)C2(SC)O1	train
CC(C)CC(N)C1(c2ccc(Cl)cc2)CCC1	CNC(CC(C)C)C1(c2ccc(Cl)cc2)CCC1	train
CCC(OC(C)=O)C(CC(C)N)(c1ccccc1)c1ccccc1	CCC(OC(C)=O)C(CC(C)NC)(c1ccccc1)c1ccccc1	train
CC(C(=O)c1ccc(O)cc1)N1CCCC1	COc1ccc(C(=O)C(C)N2CCCC2)cc1	train
CC1(O)COC2(c3ccccc3Cl)c3cc(Cl)ccc3N=C(O)CN12	CC1COC2(c3ccccc3Cl)c3cc(Cl)ccc3N=C(O)CN12	train
COC(=O)C12CC3CC(CCO)C1N(CCc1c2[nH]c2ccccc12)C3	COCCC1CC2CN3CCc4c([nH]c5ccccc45)C(C(=O)OC)(C2)C13	train
CNC(CC(C)C)C1(c2ccc(Cl)cc2)CCC1	CC(C)CC(N(C)C)C1(c2ccc(Cl)cc2)CCC1	train
CC(CN1CCCCC1)C(=O)c1ccc(CO)cc1	Cc1ccc(C(=O)C(C)CN2CCCCC2)cc1	train
O=C(O)c1ccc(C(F)(F)F)cc1-c1ccc2c(c1)OCC(C(O)c1ccccc1)C2O	O=C(O)c1ccc(C(F)(F)F)cc1-c1ccc2c(c1)OCC(Cc1ccccc1)C2O	train
CC(C)(C)NCC(O)COc1ccc(O)cc1C#N	CC(C)(C)NCC(O)COc1ccccc1C#N	train
CCNc1ncn(Cc2ccc(OC)c(OC3CCC(O)C3)c2)c2nc(C(C)C)nc1-2	CCNc1ncn(Cc2ccc(OC)c(OC3CCCC3)c2)c2nc(C(C)C)nc1-2	train
NS(=O)(=O)c1ccc(-c2c(-c3ccccc3)noc2CO)cc1	Cc1onc(-c2ccccc2)c1-c1ccc(S(N)(=O)=O)cc1	train
CCCC(CC(C)O)C(=O)O	CCCC(CCC)C(=O)O	train
CC(O)CCC(=O)N(Cc1ccc(-c2ccccc2-c2nn[nH]n2)cc1)C(C(=O)O)C(C)C	CCCCC(=O)N(Cc1ccc(-c2ccccc2-c2nn[nH]n2)cc1)C(C(=O)O)C(C)C	train
Oc1ccc(CCCN2CCN(CCOC(c3ccc(F)cc3)c3ccc(F)cc3)CC2)cc1	Fc1ccc(C(OCCN2CCN(CCCc3ccccc3)CC2)c2ccc(F)cc2)cc1	train
C=C1CCC(O)CC1=CC=C1CCCC2(C)C1CCC2C(C)C=CC(C)(O)C(C)C	C=C1CCC(O)CC1=CC=C1CCCC2(C)C1CCC2C(C)C=CC(C)C(C)C	train
CC(=O)C(O)C(c1ccccc1)c1c(O)oc2ccccc2c1=O	CC(=O)CC(c1ccccc1)c1c(O)oc2ccccc2c1=O	train
O=c1cc(C(F)(F)F)c2ccc(O)cc2o1	CCOc1ccc2c(C(F)(F)F)cc(=O)oc2c1	train
O=c1cc(C(F)(F)F)c2ccc(O)cc2o1	COc1ccc2c(C(F)(F)F)cc(=O)oc2c1	train
O=c1ccc2nc3ccc(O)cc3oc-2c1	O=c1ccc2nc3ccc(OCc4ccccc4)cc3oc-2c1	train
ON1c2ccc3ccccc3c2C=C2c3ccccc3C=CC21	c1ccc2c(c1)ccc1nc3ccc4ccccc4c3cc12	train
CCN(CC)C(SC)=S=O	CCN(CC)C(=S)SC	train
Cc1c2ccccc2c(C)c2c1c(O)c(O)c1ccccc12	Cc1c2ccccc2c(C)c2c1ccc1ccccc12	train
Cc1c(CO)ccc2c(=O)c3cccc(CC(=O)O)c3oc12	Cc1ccc2c(=O)c3cccc(CC(=O)O)c3oc2c1C	train
NCc1cc(=O)oc2cc(O)ccc12	COc1ccc2c(CN)cc(=O)oc2c1	train
O=NN(CO)CCCC(=O)c1cccnc1	CN(CCCC(=O)c1cccnc1)N=O	train
CCN(CC)C(=O)c1cccc(CO)c1	CCN(CC)C(=O)c1cccc(C)c1	train
C1=CC2OC2c2c1ccc1cc3c(ccc4ccccc43)cc21	c1ccc2c(c1)ccc1cc3c(ccc4ccccc43)cc12	train
CC(=O)Nc1ccc(O)cc1	CC(=O)Nc1ccc(OC(C)C)cc1	train
CC(=O)Nc1ccc(O)cc1	COc1ccc(NC(C)=O)cc1	train
CCN=c1nc(NC(C)(C)C)[nH]c([S+](C)[O-])n1	CCN=c1nc(NC(C)(C)C)[nH]c(SC)n1	train
CCCCCN(CO)N=O	CCCCCN(C)N=O	train
CCCN(N=O)C(O)CC	CCCN(CCC)N=O	train
O=NN1CCCC1O	O=NN1CCCC1	train
COc1ccc(C(=O)N=c2c(Cl)c[nH]cc2Cl)cc1OC1CCC(O)C1	COc1ccc(C(=O)N=c2c(Cl)c[nH]cc2Cl)cc1OC1CCCC1	train
O=C1C(CC[S+]([O-])c2ccccc2)C(=O)N(c2ccccc2)N1c1ccccc1	O=C1C(CCSc2ccccc2)C(=O)N(c2ccccc2)N1c1ccccc1	train
CC1(C)NC(=N)NC(=N)N1c1ccc(Cl)cc1	CC(C)NC(=N)NC(=N)Nc1ccc(Cl)cc1	train
O=[N+]([O-])c1ccc(O)c(O)c1	O=[N+]([O-])c1ccc(O)cc1	train
OC1c2cc3ccc4cccc5ccc(c2C2OC2C1O)c3c45	OC1C=Cc2c(cc3ccc4cccc5ccc2c3c45)C1O	train
Cc1[nH]nc(Cl)c1C(=O)Nc1cccc2c1C(C)OC2(C)C	Cc1nn(C)c(Cl)c1C(=O)Nc1cccc2c1C(C)OC2(C)C	train
OCc1coc(Cc2ccccc2)c1	CC(C)=CC1C(C(=O)OCc2coc(Cc3ccccc3)c2)C1(C)C	train
OCc1cccc(Oc2ccccc2)c1	CC1(C)C(C=C(Cl)Cl)C1C(=O)OCc1cccc(Oc2ccccc2)c1	train
COC1=CC(=O)OC1C(O)c1ccc(O)cc1Cl	COC1=CC(=O)OC1C(O)c1ccccc1Cl	train
CC(CN1c2ccccc2[S+]([O-])c2ccccc21)N(C)C	CC(CN1c2ccccc2Sc2ccccc21)N(C)C	train
COC(=O)C(C)N(C(=O)CO)c1c(C)cccc1C	COCC(=O)N(c1c(C)cccc1C)C(C)C(=O)OC	train
Cc1cccc(C)c1N(C(=O)CO)C(C)C(=O)O	COC(=O)C(C)N(C(=O)CO)c1c(C)cccc1C	train
OC(CN1CCN(CCCc2c[nH]c3ccc(-n4cnnc4)cc23)CC1)c1cccc(F)c1	Fc1cccc(CCN2CCN(CCCc3c[nH]c4ccc(-n5cnnc5)cc34)CC2)c1	train
CCc1ccc(O)c2cc(C(O)CNC(C)(C)C)oc12	CCc1cccc2cc(C(O)CNC(C)(C)C)oc12	train
CC1(C)C(C=C(Br)Br)C1C(=O)OC(C#N)c1cccc(Oc2ccc(O)cc2)c1	CC1(C)C(C=C(Br)Br)C1C(=O)OC(C#N)c1cccc(Oc2ccccc2)c1	train
CC1(C)C(C=C(Cl)Cl)C1C(=O)OC(C#N)c1ccc(F)c(Oc2ccc(O)cc2)c1	CC1(C)C(C=C(Cl)Cl)C1C(=O)OC(C#N)c1ccc(F)c(Oc2ccccc2)c1	train
C=C(c1ccc(C(=O)O)cc1)c1cc2c(cc1C)C(C)(C)C(O)CC2(C)C	C=C(c1ccc(C(=O)O)cc1)c1cc2c(cc1C)C(C)(C)CCC2(C)C	train
O=C(OC1CC2CC3CC(C1)N2CC3O)c1c[nH]c2ccccc12	O=C(OC1CC2CC3CC(C1)N2CC3=O)c1c[nH]c2ccccc12	train
CCCCCc1cc(O)c2c(c1)OC(C)(C)C1CCC(CO)=CC21	CCCCCc1cc(O)c2c(c1)OC(C)(C)C1CCC(C)=CC21	train
C=CCC1=C(C)C(OC(=O)C2C(C=C(C)CO)C2(C)C)CC1=O	C=CCC1=C(C)C(OC(=O)C2C(C=C(C)C)C2(C)C)CC1=O	train
CCC(=C(c1ccc(OCCNC)cc1)c1cccc(O)c1)c1ccccc1	CCC(=C(c1ccc(OCCN(C)C)cc1)c1cccc(O)c1)c1ccccc1	train
CC1CCC2C(C)C(O)OC3OC4(C)CCC1C32OO4	CC1CCC2C(C)C(OC(=O)CCC(=O)O)OC3OC4(C)CCC1C32OO4	train
Clc1ccc2c(c1)CCc1cccnc1C2=C1CCNCC1	Cc1cncc(CN2CCC(=C3c4ccc(Cl)cc4CCc4cccnc43)CC2)c1	train
CNc1ccc(C=CC(=O)c2ccc(-n3ccnc3)cc2)cc1	CN(C)c1ccc(C=CC(=O)c2ccc(-n3ccnc3)cc2)cc1	train
C#Cc1cccc(Nc2ncnc3cc(OCCO)c(OCCOC)cc23)c1	C#Cc1cccc(Nc2ncnc3cc(OCCOC)c(OCCOC)cc23)c1	train
COc1cc(C(=O)NS(=O)(=O)c2ccccc2C)ccc1Cc1cn(CO)c2ccc(NC(=O)OC3CCCC3)cc12	COc1cc(C(=O)NS(=O)(=O)c2ccccc2C)ccc1Cc1cn(C)c2ccc(NC(=O)OC3CCCC3)cc12	train
CC(=O)Nc1cccc(-c2ccnc3c(C#N)cnn23)c1	CCN(C(C)=O)c1cccc(-c2ccnc3c(C#N)cnn23)c1	train
CC1(C)Cc2cc(Cl)cc(C(=O)NC3CC4CCC(C3)N4)c2O1	CN1C2CCC1CC(NC(=O)c1cc(Cl)cc3c1OC(C)(C)C3)C2	train
O=c1cc(C(F)(F)F)c2ccc(O)cc2o1	CCCCOc1ccc2c(C(F)(F)F)cc(=O)oc2c1	train
CC12CCC(=O)C=C1C(O)CC1C2C(O)CC2(C)C1CCC2(O)C(=O)CO	CC12CCC(=O)C=C1CCC1C2C(O)CC2(C)C1CCC2(O)C(=O)CO	train
O=C1OC2(c3ccc(O)cc3Oc3cc(O)ccc32)c2ccccc21	COc1ccc2c(c1)Oc1cc(O)ccc1C21OC(=O)c2ccccc21	train
COC(=O)C1C(O)CCC2CN3CCc4c([nH]c5ccc(O)cc45)C3CC21	COC(=O)C1C(O)CCC2CN3CCc4c([nH]c5ccccc45)C3CC21	train
CC(CN(C)C)CN1c2ccccc2[S+]([O-])c2ccc(C#N)cc21	CC(CN(C)C)CN1c2ccccc2Sc2ccc(C#N)cc21	train
CNc1ccc(C2CC3(C)C(CCC3(O)C=CCO)C3CCC4=CC(=O)CCC4=C23)cc1	CN(C)c1ccc(C2CC3(C)C(CCC3(O)C=CCO)C3CCC4=CC(=O)CCC4=C23)cc1	train
CCCC1OC2CC3C4CC(O)C5=CC(=O)C=CC5(C)C4C(O)CC3(C)C2(C(=O)CO)O1	CCCC1OC2CC3C4CCC5=CC(=O)C=CC5(C)C4C(O)CC3(C)C2(C(=O)CO)O1	train
C=C1C=C2C=CC(C)C(CCC(O)CC(O)CC(=O)O)C2C(OC(=O)C(C)(C)CC)C1	CCC(C)(C)C(=O)OC1CC(C)C=C2C=CC(C)C(CCC(O)CC(O)CC(=O)O)C21	train
O=CC=C1CN(C(C(=O)C2CC2)c2ccccc2F)CCC1S	O=C1C=C2CN(C(C(=O)C3CC3)c3ccccc3F)CCC2S1	train
CCC1CC2CC3c4[nH]c5ccc(O)cc5c4CCN(C2)C13	CCC1CC2CC3c4[nH]c5ccc(OC)cc5c4CCN(C2)C13	train
C=C(C)C1Cc2c(ccc3c2OC2COc4cc(OC)c(O)cc4C2C3=O)O1	C=C(C)C1Cc2c(ccc3c2OC2COc4cc(OC)c(OC)cc4C2C3=O)O1	train
CC(Cc1ccccc1)NCc1ccccc1	CC(Cc1ccccc1)N(C)Cc1ccccc1	train
[O-][s+]1nc(N2CCN(CCc3cc4c(cc3Cl)N=C(O)C4)CC2)c2ccccc21	OC1=Nc2cc(Cl)c(CCN3CCN(c4nsc5ccccc45)CC3)cc2C1	train
CNCCc1c[nH]c2ccc(CC3COC(O)=N3)cc12	CN(C)CCc1c[nH]c2ccc(CC3COC(O)=N3)cc12	train
CNCCOC1=Cc2ccccc2Sc2ccc(Cl)cc21	CN(C)CCOC1=Cc2ccccc2Sc2ccc(Cl)cc21	train
C1=CC2OC2c2cc3ccc4cccc5ccc(c21)c3c45	c1ccc2c(c1)cc1ccc3cccc4ccc2c1c34	train
C#CC1(O)CCC2C3CCc4cc(O)c(O)cc4C3CCC21C	C#CC1(O)CCC2C3CCc4cc(O)ccc4C3CCC21C	train
O=CCBr	BrCCBr	train
Oc1c(Cl)c(Cl)cc(-c2cc(Cl)c(Cl)cc2Cl)c1Cl	Clc1cc(Cl)c(-c2cc(Cl)c(Cl)cc2Cl)cc1Cl	train
Cc1c(O)cccc1C(=O)NC(CSc1ccccc1)C(O)CN1CC2CCCCC2CC1C(=O)NC(C)(C)CO	Cc1c(O)cccc1C(=O)NC(CSc1ccccc1)C(O)CN1CC2CCCCC2CC1C(=O)NC(C)(C)C	train
CNC(C)Cc1ccc(O)cc1	CNC(C)Cc1ccccc1	train
CNCCCN1c2ccccc2CCc2cc(O)ccc21	CNCCCN1c2ccccc2CCc2ccccc21	train
OCC(Cl)(Cl)Cl	CC(Cl)(Cl)Cl	train
CNCCC(Oc1ccc(O)c2ccccc12)c1cccs1	CNCCC(Oc1cccc2ccccc12)c1cccs1	train
Cn1c(O)nc2nc(O)n(C)c2c1=O	Cn1c(O)nc2ncn(C)c2c1=O	train
CNc1ccccc1	CN(C)c1ccccc1	train
Cc1nc[nH]c1CN1CCc2c(c3cccc(O)c3n2C)C1=O	Cc1nc[nH]c1CN1CCc2c(c3ccccc3n2C)C1=O	train
CCC1(c2ccc(O)cc2)C(O)=NC(=O)N=C1O	CCC1(c2ccccc2)C(O)=NC(=O)N=C1O	train
Oc1ccc(OCC2CNCCC2c2ccc(F)cc2)cc1O	Fc1ccc(C2CCNCC2COc2ccc3c(c2)OCO3)cc1	train
OC1(c2ccc(Br)cc2)CCNCC1	O=C(CCCN1CCC(O)(c2ccc(Br)cc2)CC1)c1ccc(F)cc1	train
COc1ccc(Cl)cc1C(=O)NCCc1ccc(S(=O)(=O)NC(=O)NC2CCCCC2O)cc1	COc1ccc(Cl)cc1C(=O)NCCc1ccc(S(=O)(=O)NC(=O)NC2CCCCC2)cc1	train
CC(CCCN)Nc1ccnc2cc(Cl)ccc12	CCNCCCC(C)Nc1ccnc2cc(Cl)ccc12	train
CCC1(c2ccc(O)cc2)N=C(O)N(C)C1=O	CCC1(c2ccccc2)N=C(O)N(C)C1=O	train
Oc1cc(Cl)ccc1Cl	Clc1ccc(Cl)cc1	train
Nc1ccc2ccc3ccc([N+](=O)[O-])c4ccc1c2c34	O=[N+]([O-])c1ccc2ccc3ccc([N+](=O)[O-])c4ccc1c2c34	train
CCc1nn(CCCN2CCN(C3=CC(=[Cl+])C(=O)C=C3)CC2)c(=O)n1CCOc1ccccc1	CCc1nn(CCCN2CCN(c3ccc(O)c(Cl)c3)CC2)c(=O)n1CCOc1ccccc1	train
ONc1ccc2ccc3cccc4ccc1c2c34	Nc1ccc2ccc3cccc4ccc1c2c34	train
C#CC1(O)CCC2C3(C)CCc4cc(O)c(O)cc4C3CCC21C	C#CC1(O)CCC2C3(C)CCc4cc(O)ccc4C3CCC21C	train
Cc1cc(O)cc(C)c1N	Cc1cccc(C)c1N	train
O=C1C2=CC=CC3C2=C(C=CC3NO)c2ccccc21	NC1C=CC2=C3C(=CC=CC31)C(=O)c1ccccc12	train
CCNCC(=O)Nc1c(C)ccc(O)c1C	CCN(CC)CC(=O)Nc1c(C)ccc(O)c1C	train
OC1=NC(c2ccccc2)(c2ccc(O)c(O)c2)C(O)=N1	OC1=NC(c2ccccc2)(c2cccc(O)c2)C(O)=N1	train
OC1=NC(c2ccccc2)(c2ccc(O)c(O)c2)C(O)=N1	OC1=NC(c2ccccc2)(c2ccc(O)cc2)C(O)=N1	train
Oc1cc(-c2ccc(Cl)cc2)ccc1Cl	Clc1ccc(-c2ccc(Cl)cc2)cc1	train
O=c1ccc2nc3ccc(O)cc3oc-2c1	COc1ccc2nc3ccc(=O)cc-3oc2c1	train
Oc1ccc2c(c1)N1CCNCC1c1ccccc1C2	CN1CCN2c3cc(O)ccc3Cc3ccccc3C2C1	train
CCc1cccc(C)c1NC(=O)CCl	CCOCN(C(=O)CCl)c1c(C)cccc1CC	train
CC(=O)CC(c1ccc([N+](=O)[O-])cc1)c1c(O)c2cccc(O)c2oc1=O	CC(=O)CC(c1ccc([N+](=O)[O-])cc1)c1c(O)c2ccccc2oc1=O	train
CCc1cccc(CC)c1NC(=O)CCl	CCc1cccc(CC)c1N(COC)C(=O)CCl	train
Cc1c(F)c(N)c2c(=O)cc(-c3ccc(NO)c(F)c3)oc2c1F	Cc1c(F)c(N)c2c(=O)cc(-c3ccc(N)c(F)c3)oc2c1F	train
Cc1c(F)c(NO)c2c(=O)cc(-c3ccc(NO)c(F)c3)oc2c1F	Cc1c(F)c(N)c2c(=O)cc(-c3ccc(NO)c(F)c3)oc2c1F	train
CC(N)Cc1ccc(O)cc1	CC(N)Cc1ccccc1	train
CCN(CC)CCCN(c1ccccc1)C1Cc2ccc(O)cc2C1	CCN(CC)CCCN(c1ccccc1)C1Cc2ccccc2C1	train
CCc1cccc(CC)c1NC(=O)CCl	CCCCOCN(C(=O)CCl)c1c(CC)cccc1CC	train
CC12CCC(CC1=O)C2(C)CO	CC12CCC(CC1=O)C2(C)C	train
CNC(=O)Oc1cccc2c1OC(C)(C)C2	CCCCN(CCCC)SN(C)C(=O)Oc1cccc2c1OC(C)(C)C2	train
Oc1nc(Cl)c(Cl)cc1Cl	CCOP(=O)(OCC)Oc1nc(Cl)c(Cl)cc1Cl	train
C[N+](C)([O-])CCCC1(c2ccc(F)cc2)OCc2cc(C#N)ccc21	CN(C)CCCC1(c2ccc(F)cc2)OCc2cc(C#N)ccc21	train
COc1ccc(C(C#N)(CCCN)C(C)C)cc1OC	CNCCCC(C#N)(c1ccc(OC)c(OC)c1)C(C)C	train
COc1ccc(C(C#N)(CCCN)C(C)C)cc1OC	COc1cc(CCN(C)CCCC(C#N)(c2ccc(OC)c(OC)c2)C(C)C)ccc1O	train
CNC(=O)CSP(=O)(OC)OC	CNC(=O)CSP(=S)(OC)OC	train
Cc1cc(O)nc(C(C)C)n1	CCOP(=O)(OCC)Oc1cc(C)nc(C(C)C)n1	train
CCOP(=S)(OCC)SCC[S+]([O-])CC	CCOP(=S)(OCC)SCCSCC	train
CNC(=O)Nc1ccc(Cl)c(Cl)c1	CN(C)C(=O)Nc1ccc(Cl)c(Cl)c1	train
COc1cc2c(cc1O)CC(CC1CCN(Cc3ccccc3)CC1)C2=O	COc1cc2c(cc1OC)C(=O)C(CC1CCN(Cc3ccccc3)CC1)C2	train
CC(C)C(C(=O)OC(C#N)c1cccc(Oc2ccccc2O)c1)c1ccc(Cl)cc1	CC(C)C(C(=O)OC(C#N)c1cccc(Oc2ccccc2)c1)c1ccc(Cl)cc1	train
NCCCN1c2ccccc2CCc2ccc(Cl)cc21	CNCCCN1c2ccccc2CCc2ccc(Cl)cc21	train
O=C(Nc1ccccc1CCC1CCCCN1)c1ccc(O)cc1	COc1ccc(C(=O)Nc2ccccc2CCC2CCCCN2)cc1	train
O=C(Nc1ccccc1CCC1CCCCN1)c1ccc(O)cc1	CN1CCCCC1CCc1ccccc1NC(=O)c1ccc(O)cc1	train
O=S1(=O)OCC2C(CO1)C1(Cl)C(Cl)=C(Cl)C2(Cl)C1(Cl)Cl	O=S1OCC2C(CO1)C1(Cl)C(Cl)=C(Cl)C2(Cl)C1(Cl)Cl	train
COP(=O)(OC)Oc1ccc(SC)c(C)c1	COP(=S)(OC)Oc1ccc(SC)c(C)c1	train
O=C(NCC1CCCCN1)c1cc(OCC(F)(F)F)ccc1O	O=C(NCC1CCCCN1)c1cc(OCC(F)(F)F)ccc1OCC(F)(F)F	train
Cc1c(OCC(F)(F)F)ccnc1CS(=O)(=O)c1nc2ccccc2[nH]1	Cc1c(OCC(F)(F)F)ccnc1C[S+]([O-])c1nc2ccccc2[nH]1	train
O=C(C=Cc1c(C(=O)O)[nH]c2cc(Cl)cc(Cl)c12)Nc1ccc(O)cc1	O=C(C=Cc1c(C(=O)O)[nH]c2cc(Cl)cc(Cl)c12)Nc1ccccc1	train
CCC1=C(C)CN(C(=O)NCCc2ccc(S(=O)(=O)NC(=O)NC3CCC(CO)CC3)cc2)C1=O	CCC1=C(C)CN(C(=O)NCCc2ccc(S(=O)(=O)NC(=O)NC3CCC(C)CC3)cc2)C1=O	train
Cc1cnc(C(=O)NCCc2ccc(S(=O)(=O)NC(=O)NC3CCC(O)CC3)cc2)cn1	Cc1cnc(C(=O)NCCc2ccc(S(=O)(=O)NC(=O)NC3CCCCC3)cc2)cn1	train
O=C1CCC2C3Cc4ccc(O)c5c4C2(CCN3)C1O5	CN1CCC23c4c5ccc(O)c4OC2C(=O)CCC3C1C5	train
Cc1cc(OCC(F)(F)F)c(C)c(C[S+]([O-])c2nc3cccc(O)c3[nH]2)n1	Cc1cc(OCC(F)(F)F)c(C)c(C[S+]([O-])c2nc3ccccc3[nH]2)n1	train
CCCCCC=CCC1OC1CCCCCCCC(=O)O	CCCCCC=CCC=CCCCCCCCC(=O)O	train
CC(CCC(=O)O)C1CCC2C3CC(O)C4CC(O)CCC4(C)C3CCC12C	CC(CCC(=O)O)C1CCC2C3CCC4CC(O)CCC4(C)C3CCC12C	train
O=C(O)Cc1cc(CO)ccc1Nc1c(F)cccc1Cl	Cc1ccc(Nc2c(F)cccc2Cl)c(CC(=O)O)c1	train
CC(O)CCC1=NC2(CCC(O)C2)C(=O)N1Cc1ccc(-c2ccccc2-c2nn[nH]n2)cc1	CCCCC1=NC2(CCC(O)C2)C(=O)N1Cc1ccc(-c2ccccc2-c2nn[nH]n2)cc1	train
C[N+]1([O-])CCN2c3ncccc3Cc3ccccc3C2C1	CN1CCN2c3ncccc3Cc3ccccc3C2C1	train
CC1CCC(C(C)(C)O)C(O)C1	CC1CCC(C(C)C)C(O)C1	train
C#CC1(O)CCC2C3CCc4cc(O)ccc4C3CCC21C	C#CC1(O)CCC2C3CCc4cc(OC)ccc4C3CCC21C	train
COc1ccc(C(c2ccc(O)cc2)C(Cl)(Cl)Cl)cc1	COc1ccc(C(c2ccc(OC)cc2)C(Cl)(Cl)Cl)cc1	train
COc1ccc(C(c2ccc(O)c(O)c2)C(Cl)(Cl)Cl)cc1	COc1ccc(C(c2ccc(O)cc2)C(Cl)(Cl)Cl)cc1	train
CC#CC1(O)CCC2C3CCC4=CC(=O)CCC4=C3C(c3ccc(N)cc3)CC21C	CC#CC1(O)CCC2C3CCC4=CC(=O)CCC4=C3C(c3ccc(NC)cc3)CC21C	train
Oc1ccc(C(c2ccc(O)c(O)c2)C(Cl)(Cl)Cl)cc1	Oc1ccc(C(c2ccc(O)cc2)C(Cl)(Cl)Cl)cc1	train
CCNCC(=O)Nc1c(C)ccc(O)c1C	CCNCC(=O)Nc1c(C)cccc1C	train
NCCOC(c1ccccc1)c1ccccc1	CNCCOC(c1ccccc1)c1ccccc1	train
Oc1ccc2c(c1)N1CCNCC1c1ccccc1C2	c1ccc2c(c1)Cc1ccccc1N1CCNCC21	train
CCC(=C(c1ccccc1)c1ccc(OCCN)cc1)c1ccccc1	CCC(=C(c1ccccc1)c1ccc(OCCNC)cc1)c1ccccc1	train
OCc1cccc2ccccc12	O=Cc1cccc2ccccc12	train
CC(CO)C1CCC(C(=O)NC(Cc2ccccc2)C(=O)O)CC1	CC(C)C1CCC(C(=O)NC(Cc2ccccc2)C(=O)O)CC1	train
CNCCOC(=O)C1=C(C)NC(C)=C(C(=O)OC)C1c1cccc([N+](=O)[O-])c1	COC(=O)C1=C(C)NC(C)=C(C(=O)OCCN(C)Cc2ccccc2)C1c1cccc([N+](=O)[O-])c1	train
CNCCC=C1c2cc(O)ccc2COc2ccccc21	CNCCC=C1c2ccccc2COc2ccccc21	train
Cc1nccn1CC1CCc2c(c3cc(O)ccc3n2C)C1=O	Cc1nccn1CC1CCc2c(c3ccccc3n2C)C1=O	train
CCOP(=S)(OCC)SC[S+]([O-])CC	CCOP(=S)(OCC)SCSCC	train
CC12CCC(=O)C=C1CCC1C2CCC2(C)C1CCC2(O)C(=O)CO	CC(=O)C1(O)CCC2C3CCC4=CC(=O)CCC4(C)C3CCC21C	train
COC(=O)c1c(C)nc(C)c(C(=O)OCC=Cc2ccccc2)c1-c1cccc([N+](=O)[O-])c1	COC(=O)C1=C(C)NC(C)=C(C(=O)OCC=Cc2ccccc2)C1c1cccc([N+](=O)[O-])c1	train
CS(=O)(=O)c1ccc(C2=C(c3ccccc3)C(=O)OC2O)cc1	CS(=O)(=O)c1ccc(C2=C(c3ccccc3)C(=O)OC2)cc1	train
CC(C)c1nc(NS(C)(=O)=O)nc(-c2ccc(F)cc2)c1C=CC(O)CC(O)CC(=O)O	CC(C)c1nc(N(C)S(C)(=O)=O)nc(-c2ccc(F)cc2)c1C=CC(O)CC(O)CC(=O)O	train
O=C1c2c(O)cc(O)cc2OC(c2ccc3c(c2)OC(c2ccc(O)c(O)c2)C(CO)O3)C1O	COc1cc(C2Oc3cc(C4Oc5cc(O)cc(O)c5C(=O)C4O)ccc3OC2CO)ccc1O	train
O=C1C(CCS(=O)(=O)c2ccccc2)C(=O)N(c2ccccc2)N1c1ccccc1	O=C1C(CC[S+]([O-])c2ccccc2)C(=O)N(c2ccccc2)N1c1ccccc1	train
CN(C(=S)Oc1cccc(C(C)(C)C)c1)c1cccc(O)n1	COc1cccc(N(C)C(=S)Oc2cccc(C(C)(C)C)c2)n1	train
CCCSP(=S)(OCC)Oc1ccc([S+](C)[O-])cc1	CCCSP(=S)(OCC)Oc1ccc(SC)cc1	train
CC(C(=O)O)c1ccc(C(=O)c2ccc[s+]2[O-])cc1	CC(C(=O)O)c1ccc(C(=O)c2cccs2)cc1	train
CC(O)C(=C(c1ccccc1)c1ccc(OCC[N+](C)(C)[O-])cc1)c1ccccc1	CCC(=C(c1ccccc1)c1ccc(OCC[N+](C)(C)[O-])cc1)c1ccccc1	train
Oc1ncc(F)c(O)n1	O=c1nc(O)c(F)cn1C1CCCO1	train
CN1CCCCC1CCN1c2ccccc2Sc2ccc([S+](C)[O-])cc21	CSc1ccc2c(c1)N(CCC1CCCCN1C)c1ccccc1S2	train
Cc1ccc(C(C)C)c(O)c1O	Cc1ccc(C(C)C)c(O)c1	train
OC1CN=C(Nc2c(Cl)ccc3nsnc23)N1	Clc1ccc2nsnc2c1NC1=NCCN1	train
Cc1[nH]c(C=C2C(O)=Nc3ccc(O)cc32)c(C)c1CCC(=O)O	Cc1[nH]c(C=C2C(O)=Nc3ccccc32)c(C)c1CCC(=O)O	train
CCc1ccc2c(C3CCCC(O)C3)nc(=O)n(CC)c2n1	CCc1ccc2c(C3CCCCC3)nc(=O)n(CC)c2n1	train
CC(C(=O)O)c1ccc2c(c1)CC(O)c1ccccc1S2	CC(C(=O)O)c1ccc2c(c1)CC(=O)c1ccccc1S2	train
C1CC2OC2CC1C1CO1	C1=CCC(C2CO2)CC1	train
C1CC2OC2CC1C1CO1	C=CC1CCC2OC2C1	train
CC(=O)OC1(C(C)=O)CCC2C3CC(C)C4=CC(=O)C(O)CC4(C)C3CCC21C	CC(=O)OC1(C(C)=O)CCC2C3CC(C)C4=CC(=O)CCC4(C)C3CCC21C	train
CC(=O)OC1(C(C)=O)CCC2C3CC(C)(O)C4=CC(=O)C(O)CC4(C)C3CCC21C	CC(=O)OC1(C(C)=O)CCC2C3CC(C)C4=CC(=O)C(O)CC4(C)C3CCC21C	train
COc1cccc2c1C(=O)c1c(O)c3c(c(O)c1C2=O)CC(O)(C(=O)CO)CC3OC1CC2C(OC3COC(OC)CN32)C(C)O1	COc1cccc2c1C(=O)c1c(O)c3c(c(O)c1C2=O)CC(O)(C(=O)CO)CC3OC1CC(N2CCOC(OC)C2)C(O)C(C)O1	train
O=C1C2=C(CCCC2)C(=O)N1CCCCN1CCN(c2nsc3ccccc23)CC1	O=C1C2CCCCC2C(=O)N1CCCCN1CCN(c2nsc3ccccc23)CC1	train
COCCOC(=O)c1c(C)nc(C)c(C(=O)OC(C)C)c1-c1cccc([N+](=O)[O-])c1	COCCOC(=O)C1=C(C)NC(C)=C(C(=O)OC(C)C)C1c1cccc([N+](=O)[O-])c1	train
COC(=O)c1c(C)nc(C)c(C(=O)OCC(C)C)c1-c1ccccc1[N+](=O)[O-]	COC(=O)C1=C(C)NC(C)=C(C(=O)OCC(C)C)C1c1ccccc1[N+](=O)[O-]	train
CCOC(=O)c1c(C)nc(C)c(C(=O)OC)c1-c1cccc2c1OCO2	CCOC(=O)C1=C(C)NC(C)=C(C(=O)OC)C1c1cccc2c1OCO2	train
CCOC(=O)c1c(C)nc(C)c(C(=O)O)c1-c1cccc2c1OCO2	CCOC(=O)c1c(C)nc(C)c(C(=O)OC)c1-c1cccc2c1OCO2	train
Cc1nc(C)c2c(n1)N(Cc1ccc(-c3ccccc3-c3nn[nH]n3)cc1)C(=O)CC2O	Cc1nc(C)c2c(n1)N(Cc1ccc(-c3ccccc3-c3nn[nH]n3)cc1)C(=O)CC2	train
Oc1c(Cl)c(Cl)c(Cl)c(Cl)c1Cl	Clc1c(Cl)c(Cl)c(Cl)c(Cl)c1Cl	train
O=C(OC1Cc2c(O)cc(O)cc2OC1c1cc(O)c(O)c(OC2OC(C(=O)O)C(O)C(O)C2O)c1)c1cc(O)c(O)c(O)c1	O=C(OC1Cc2c(O)cc(O)cc2OC1c1cc(O)c(O)c(O)c1)c1cc(O)c(O)c(O)c1	train
O=C(O)C1OC(Oc2cc(C3Oc4cc(O)cc(O)c4CC3O)cc(O)c2O)C(O)C(O)C1O	Oc1cc(O)c2c(c1)OC(c1cc(O)c(O)c(O)c1)C(O)C2	train
O=C(C=Cc1ccccc1OC1OC(C(=O)O)C(O)C(O)C1O)c1ccccc1	O=C(C=Cc1ccccc1O)c1ccccc1	train
O=C(C=Cc1ccc(OC2OC(C(=O)O)C(O)C(O)C2O)cc1)c1ccccc1	O=C(C=Cc1ccc(O)cc1)c1ccccc1	train
O=C(C=Cc1ccccc1)c1ccccc1OC1OC(C(=O)O)C(O)C(O)C1O	O=C(C=Cc1ccccc1)c1ccccc1O	train
O=C(C=Cc1ccccc1)c1ccc(OC2OC(C(=O)O)C(O)C(O)C2O)cc1	O=C(C=Cc1ccccc1)c1ccc(O)cc1	train
O=CC1OC(Oc2cc(O)cc(O)c2C(=O)CCc2ccc(O)cc2)C(O)C(O)C1O	O=C(CCc1ccc(O)cc1)c1c(O)cc(O)cc1O	train
O=C(O)C1OC(Oc2ccc3c(=O)ccoc3c2)C(O)C(O)C1O	O=c1ccoc2cc(O)ccc12	train
O=C(O)C1OC(Oc2ccc3c(-c4ccccc4)c(-c4ccccc4)c(=O)oc3c2)C(O)C(O)C1O	O=c1oc2cc(O)ccc2c(-c2ccccc2)c1-c1ccccc1	train
Cc1cc(=O)oc2cc(OC3OC(C(=O)O)C(O)C(O)C3O)ccc12	Cc1cc(=O)oc2cc(O)ccc12	train
CC(=O)CC(c1ccccc1)c1c(O)c2ccc(OC3OC(C(=O)O)C(O)C(O)C3O)cc2oc1=O	CC(=O)CC(c1ccccc1)c1c(O)c2ccc(O)cc2oc1=O	train
CC(=O)CC(c1ccccc1)c1c(O)c2cc(OC3OC(C(=O)O)C(O)C(O)C3O)ccc2oc1=O	CC(=O)CC(c1ccccc1)c1c(O)c2cc(O)ccc2oc1=O	train
COc1cc2ccc(=O)oc2cc1OC1OC(C(=O)O)C(O)C(O)C1O	COc1cc2ccc(=O)oc2cc1O	train
COc1cc(C=CC(=O)CC(=O)C=Cc2ccc(O)cc2)ccc1OC1OC(C(=O)O)C(O)C(O)C1O	COc1cc(C=CC(=O)CC(=O)C=Cc2ccc(O)cc2)ccc1O	train
O=C(C=Cc1ccc(O)cc1)CC(=O)C=Cc1ccc(OC2OC(C(=O)O)C(O)C(O)C2O)cc1	O=C(C=Cc1ccc(O)cc1)CC(=O)C=Cc1ccc(O)cc1	train
Cc1cc(O)c2c(c1)C(=O)c1cc(OC3OC(C(=O)O)C(O)C(O)C3O)cc(O)c1C2=O	Cc1cc(O)c2c(c1)C(=O)c1cc(O)cc(O)c1C2=O	train
CCC(=C(c1ccc(OCCNC)cc1)c1ccc(OC2OC(C(=O)O)C(O)C(O)C2O)cc1)c1ccccc1	CCC(=C(c1ccc(O)cc1)c1ccc(OCCNC)cc1)c1ccccc1	train
O=C1OCC(Cc2cccc(OC3OC(C(=O)O)C(O)C(O)C3O)c2)C1Cc1cccc(O)c1	O=C1OCC(Cc2cccc(O)c2)C1Cc1cccc(O)c1	train
O=C(O)C1OC(Oc2cccc3ccccc23)C(O)C(O)C1O	Oc1cccc2ccccc12	train
N#CC(=Cc1ccc(O)c(OC2OC(C(=O)O)C(O)C(O)C2O)c1)C(=O)NCc1ccccc1	N#CC(=Cc1ccc(O)c(O)c1)C(=O)NCc1ccccc1	train
O=C1CC(c2ccccc2)Oc2cc(OC3OC(C(=O)O)C(O)C(O)C3O)ccc21	O=C1CC(c2ccccc2)Oc2cc(O)ccc21	train
COC1C(=O)c2ccccc2OC1c1ccc(OC2OC(C(=O)O)C(O)C(O)C2O)cc1	COC1C(=O)c2ccccc2OC1c1ccc(O)cc1	train
COc1ccc(C2CC(=O)c3c(O)cc(OC4OC(C(=O)O)C(O)C(O)C4O)cc3O2)cc1O	COc1ccc(C2CC(=O)c3c(O)cc(O)cc3O2)cc1O	train
O=C1CC(c2ccc(O)cc2)Oc2cc(OC3OC(C(=O)O)C(O)C(O)C3O)cc(O)c21	O=C1CC(c2ccc(O)cc2)Oc2cc(O)cc(O)c21	train
O=C(O)C1OC(Oc2ccccc2-c2cc(=O)c3ccccc3o2)C(O)C(O)C1O	O=c1cc(-c2ccccc2O)oc2ccccc12	train
COc1ccc(-c2oc3cc(OC4OC(C(=O)O)C(O)C(O)C4O)cc(O)c3c(=O)c2OC)cc1O	COc1ccc(-c2oc3cc(O)cc(O)c3c(=O)c2OC)cc1O	train
COc1ccc(-c2oc3cc(OC4OC(C(=O)O)C(O)C(O)C4O)cc(O)c3c(=O)c2OC)cc1OCc1ccccc1	COc1ccc(-c2oc3cc(O)cc(O)c3c(=O)c2OC)cc1OCc1ccccc1	train
O=C(O)C1OC(Oc2cccc(-c3cc(=O)c4ccccc4o3)c2)C(O)C(O)C1O	O=c1cc(-c2cccc(O)c2)oc2ccccc12	train
COc1cc(-c2cc(=O)c3c(O)cc(OC4OC(C(=O)O)C(O)C(O)C4O)cc3o2)cc(OC)c1OC	COc1cc(-c2cc(=O)c3c(O)cc(O)cc3o2)cc(OC)c1OC	train
Cn1c(NC2OC(C(=O)O)C(O)C(O)C2O)nc2ncc(-c3ccccc3)cc21	Cn1c(=N)[nH]c2ncc(-c3ccccc3)cc21	train
C[n+]1c(NO)n(C2OC(C(=O)O)C(O)C(O)C2O)c2ncc(-c3ccccc3)cc21	Cn1c(NO)nc2ncc(-c3ccccc3)cc21	train
Cn1c(=N)[nH]c2ncc(-c3ccc(OC4OC(C(=O)O)C(O)C(O)C4O)cc3)cc21	Cn1c(=N)[nH]c2ncc(-c3ccc(O)cc3)cc21	train
CC12CCC3c4cc(OC5OC(C(=O)O)C(O)C(O)C5O)c(O)cc4CCC3C1CCC2O	CC12CCC3c4cc(O)c(O)cc4CCC3C1CCC2O	train
COc1cc2c(cc1O)CCC1C2CCC2(C)C(=O)CCC12	CC12CCC3c4cc(O)c(O)cc4CCC3C1CCC2=O	train
CC12CCC3c4ccc(O)c(OC5OC(C(=O)O)C(O)C(O)C5O)c4CCC3C1CCC2=O	CC12CCC3c4ccc(O)c(O)c4CCC3C1CCC2=O	train
O=C(O)C1OC(Oc2ccc3c(cc4ccc5cccc6c7ccccc7c3c4c56)c2O)C(O)C(O)C1O	Oc1ccc2c(cc3ccc4cccc5c6ccccc6c2c3c45)c1O	train
O=NN1CCCCC1c1ccc[n+](C2OC(C(=O)O)C(O)C(O)C2O)c1	O=NN1CCCCC1c1cccnc1	train
O=C(OC1OC(C(=O)O)C(O)C(O)C1O)c1cccc(Oc2ccccc2)c1	O=C(O)c1cccc(Oc2ccccc2)c1	train
O=S(=O)(O)Oc1c(Cl)cc(-c2ccccc2Cl)cc1Cl	Oc1c(Cl)cc(-c2ccccc2Cl)cc1Cl	train
NCCc1ccc(O)c(OS(=O)(=O)O)c1	NCCc1ccc(O)c(O)c1	train
O=C(C=Cc1c(C(=O)O)[nH]c2cc(Cl)cc(Cl)c12)Nc1ccc(OS(=O)(=O)O)cc1	O=C(C=Cc1c(C(=O)O)[nH]c2cc(Cl)cc(Cl)c12)Nc1ccc(O)cc1	train
N=C(N)NC(=O)Cc1c(Cl)c(O)cc(OC2OC(C(=O)O)C(O)C(O)C2O)c1Cl	N=C(N)NC(=O)Cc1c(Cl)c(O)cc(O)c1Cl	train
O=C(O)C1OC(Oc2ccc3c(c2)C24CCCCC2C(C3)NCC4)C(O)C(O)C1O	Oc1ccc2c(c1)C13CCCCC1C(C2)NCC3	train
Cc1ccnc2c1N=C(O)c1cc(OC3OC(C(=O)O)C(O)C(O)C3O)cnc1N2C1CC1	Cc1ccnc2c1N=C(O)c1cc(O)cnc1N2C1CC1	train
Cc1ccnc2c1N=C(O)c1cccnc1N2C1CC1OC1OC(C(=O)O)C(O)C(O)C1O	Cc1ccnc2c1N=C(O)c1cccnc1N2C1CC1O	train
Cc1c(OC2OC(C(=O)O)C(O)C(O)C2O)cnc2c1N=C(O)c1cccnc1N2C1CC1	Cc1c(O)cnc2c1N=C(O)c1cccnc1N2C1CC1	train
Cc1cc(OC2OC(C(=O)O)C(O)C(O)C2O)nc2c1N=C(O)c1cccnc1N2C1CC1	Cc1cc(O)nc2c1N=C(O)c1cccnc1N2C1CC1	train
O=S(=O)(O)Oc1ccccc1O	Oc1ccccc1O	train
CCOc1cc2oc(=O)ccc2cc1OC1OC(C(=O)O)C(O)C(O)C1O	CCOc1cc2oc(=O)ccc2cc1O	train
Cc1c(F)c(N)c2c(=O)c(OS(=O)(=O)O)c(-c3ccc(N)c(F)c3)oc2c1F	Cc1c(F)c(N)c2c(=O)c(O)c(-c3ccc(N)c(F)c3)oc2c1F	train
Cc1c(F)c(NOS(=O)(=O)O)c2c(=O)cc(-c3ccc(NO)c(F)c3)oc2c1F	Cc1c(F)c(NO)c2c(=O)cc(-c3ccc(NO)c(F)c3)oc2c1F	train
Cc1nccn1CC1CCc2c(c3cccc(OC4OC(C(=O)O)C(O)C(O)C4O)c3n2C)C1=O	Cc1nccn1CC1CCc2c(c3cccc(O)c3n2C)C1=O	train
Cc1nccn1CC1CCc2c(c3ccc(OC4OC(C(=O)O)C(O)C(O)C4O)cc3n2C)C1=O	Cc1nccn1CC1CCc2c(c3ccc(O)cc3n2C)C1=O	train
Cc1nccn1CC1CCc2c(c3cc(OC4OC(C(=O)O)C(O)C(O)C4O)ccc3n2C)C1=O	Cc1nccn1CC1CCc2c(c3cc(O)ccc3n2C)C1=O	train
CCCCCC=CCC=CCCCCCCCCOC1OC(C(=O)O)C(O)C(O)C1O	CCCCCC=CCC=CCCCCCCCCO	train
C=CC1=C(C)C(O)=NC1=Cc1[nH]c(Cc2[nH]c(C=C3N=C(O)C(C=C)=C3C)c(C)c2CCC(=O)O)c(CCC(=O)OC2OC(C(=O)O)C(O)C(O)C2O)c1C	C=CC1=C(C)C(O)=NC1=Cc1[nH]c(Cc2[nH]c(C=C3N=C(O)C(C=C)=C3C)c(C)c2CCC(=O)O)c(CCC(=O)O)c1C	train
CC(CCC(=O)OC1OC(C(=O)O)C(O)C(O)C1O)C1CCC2C3C(O)C(O)C4CC(O)CCC4(C)C3CCC12C	CC(CCC(=O)O)C1CCC2C3C(O)C(O)C4CC(O)CCC4(C)C3CCC12C	train
O=C(O)C1OC(Oc2cc(O)cc(C=Cc3ccc(O)cc3)c2)C(O)C(O)C1O	Oc1ccc(C=Cc2cc(O)cc(O)c2)cc1	train
CCN(CC)C(=O)C(C#N)=Cc1cc(OC2OC(C(=O)O)C(O)C(O)C2O)c(O)c([N+](=O)[O-])c1	CCN(CC)C(=O)C(C#N)=Cc1cc(O)c(O)c([N+](=O)[O-])c1	train
O=C(O)C1OC(Oc2ccc(C3C(CCC(O)c4ccc(F)cc4)C(=O)N3c3ccc(F)cc3)cc2)C(O)C(O)C1O	O=C1C(CCC(O)c2ccc(F)cc2)C(c2ccc(O)cc2)N1c1ccc(F)cc1	train
CC(OS(=O)(=O)O)c1ccc2ccc3cccc4ccc1c2c34	CC(O)c1ccc2ccc3cccc4ccc1c2c34	train
O=S(=O)(O)OCc1ccc2ccc3cccc4ccc1c2c34	OCc1ccc2ccc3cccc4ccc1c2c34	train
COn1cc(COS(=O)(=O)O)c2ccccc21	COn1cc(CO)c2ccccc21	train
Nc1ccccc1COS(=O)(=O)O	Nc1ccccc1CO	train
Cc1cc2c(nc1NOS(=O)(=O)O)[nH]c1ccccc12	Cc1cc2c(nc1NO)[nH]c1ccccc12	train
O=S(=O)(O)ONc1ccc(-c2ccccc2)cn1	ONc1ccc(-c2ccccc2)cn1	train
O=Cc1ccc(COS(=O)(=O)O)o1	O=Cc1ccc(CO)o1	train
O=S(=O)(O)OC1CCCc2c1cc1ccc3cccc4ccc2c1c34	OC1CCCc2c1cc1ccc3cccc4ccc2c1c34	train
CC(=O)N(OS(=O)(=O)O)C1C=CC2=C3C(=CC=CC31)C(=O)c1ccccc12	CC(=O)N(O)C1C=CC2=C3C(=CC=CC31)C(=O)c1ccccc12	train
O=S(=O)(O)OCc1c2cccc3ccc4cc5cccc6ccc1c(c65)c4c32	OCc1c2cccc3ccc4cc5cccc6ccc1c(c65)c4c32	train
CC(=O)ONc1ccc(-n2c3ccccc3c3ccncc32)cc1	ONc1ccc(-n2c3ccccc3c3ccncc32)cc1	train
CC(=O)ONc1ccc(-n2c3ccccc3c3ccnc(C)c32)cc1	Cc1nccc2c3ccccc3n(-c3ccc(NO)cc3)c12	train
CC(=O)ONc1ccc(-c2ccc(N)cc2)cc1	Nc1ccc(-c2ccc(NO)cc2)cc1	train
CC(=O)ONc1ccc2c(c1)Cc1ccccc1-2	ONc1ccc2c(c1)Cc1ccccc1-2	train
CC(=O)ONc1ccc(Oc2ccc(Cl)cc2Cl)cc1	ONc1ccc(Oc2ccc(Cl)cc2Cl)cc1	train
CC(=O)NNC(=O)c1ccncc1	NNC(=O)c1ccncc1	train
CC(=O)NNc1nncc2ccccc12	NN=c1[nH]ncc2ccccc12	train
CC(=O)Nc1ccc(O)c(C(=O)O)c1	Nc1ccc(O)c(C(=O)O)c1	train
CC(=O)Nc1ccc(S(=O)(=O)Nc2ccccn2)cc1	Nc1ccc(S(=O)(=O)Nc2ccccn2)cc1	train
CC(=O)Nc1ccc(C(=O)O)cc1C	Cc1cc(C(=O)O)ccc1N	train
CC(=O)Nc1cccc(C)c1C	Cc1cccc(N)c1C	train
CC(=O)Nc1ccc(C)cc1C	Cc1ccc(N)c(C)c1	train
CC(=O)Nc1cc(C)ccc1C	Cc1ccc(C)c(N)c1	train
CC(=O)Nc1ccc(C(=O)Nc2ccccn2)cc1	Nc1ccc(C(=O)Nc2ccccn2)cc1	train
NC(CCC(=O)NC(CSC(Cc1ccc([N+](=O)[O-])cc1)C(=O)O)C(=O)NCC(=O)O)C(=O)O	O=C(O)C(Br)Cc1ccc([N+](=O)[O-])cc1	train
NC(CCC(=O)NC(CSc1cccc([N+](=O)[O-])c1[N+](=O)[O-])C(=O)NCC(=O)O)C(=O)O	O=[N+]([O-])c1cccc(Cl)c1[N+](=O)[O-]	train
NC(CCC(=O)NC(CSc1ccc([N+](=O)[O-])cc1[N+](=O)[O-])C(=O)NCC(=O)O)C(=O)O	O=[N+]([O-])c1ccc(Cl)c([N+](=O)[O-])c1	train
O=C(O)C1OC(Oc2c(C3CC(c4ccc(-c5ccc(Br)cc5)cc4)Cc4ccccc43)c(=O)oc3ccccc23)C(O)C(O)C1O	O=c1oc2ccccc2c(O)c1C1CC(c2ccc(-c3ccc(Br)cc3)cc2)Cc2ccccc21	train
Cc1cc(OC2OC(C(=O)O)C(O)C(O)C2O)c2c(O)c3c(cc2c1)CCC(O)C3	Cc1cc(O)c2c(O)c3c(cc2c1)CCC(O)C3	train
CC(C)C12CC1C(C)(O)C(=O)C2OC1OC(C(=O)O)C(O)C(O)C1O	CC(C)C12CC(=O)C(C)(O)C1C2	train
O=C(O)C1OC(Oc2cc3oc(-c4ccc(O)cc4)cc(=O)c3c(O)c2O)C(O)C(O)C1O	O=c1cc(-c2ccc(O)cc2)oc2cc(O)c(O)c(O)c12	train
O=C(OC1OC(C(=O)O)C(O)C(O)C1O)c1cccc(I)c1	O=C(O)c1cccc(I)c1	train
O=C(OC1OC(C(=O)O)C(O)C(O)C1O)c1ccc(I)cc1	O=C(O)c1ccc(I)cc1	train
C=CCOc1ccccc1OCC(CNC(C)C)OC1OC(C(=O)O)C(O)C(O)C1O	C=CCOc1ccccc1OCC(O)CNC(C)C	train
Cc1cc(CC(=O)OC2OC(C(=O)O)C(O)C(O)C2O)n(C)c1C(=O)c1ccc(Cl)cc1	Cc1cc(CC(=O)O)n(C)c1C(=O)c1ccc(Cl)cc1	train
O=C(O)C1OC(Oc2c(I)cc(Cl)c3cccnc23)C(O)C(O)C1O	Oc1c(I)cc(Cl)c2cccnc12	train
O=C(N=c1nnn(OC2OC(C(=O)O)C(O)C(O)C2O)[nH]1)c1cc(Oc2ccccc2)c2ccccn2c1=O	O=C(Nc1nn[nH]n1)c1cc(Oc2ccccc2)c2ccccn2c1=O	train
O=C(O)C1OC(n2nnc(-c3ccccc3COc3ccc(OCc4ccc5ccccc5n4)cc3)n2)C(O)C(O)C1O	c1ccc(-c2nn[nH]n2)c(COc2ccc(OCc3ccc4ccccc4n3)cc2)c1	train
COc1cc2c(cc1OC)-c1c(c(=Nc3cccc(F)c3)[nH]n1C1OC(C(=O)O)C(O)C(O)C1O)C2	COc1cc2c(cc1OC)-c1[nH][nH]c(=Nc3cccc(F)c3)c1C2	train
Cc1ccccc1-n1c(CF)nc2ccc(NC3OC(C(=O)O)C(O)C(O)C3O)cc2c1=O	Cc1ccccc1-n1c(CF)nc2ccc(N)cc2c1=O	train
CC(=O)Nc1ccc(-c2ccc(NC3OC(C(=O)O)C(O)C(O)C3O)cc2)cc1	CC(=O)Nc1ccc(-c2ccc(N)cc2)cc1	train
CCOC(=O)Nc1ccc(NCc2ccc(F)cc2)cc1NC1OC(C(=O)O)C(O)C(O)C1O	CCOC(=O)Nc1ccc(NCc2ccc(F)cc2)cc1N	train
O=C(O)C1OC(N2CCN(C3=Nc4cc(Cl)ccc4Nc4ccccc43)CC2)C(O)C(O)C1O	Clc1ccc2c(c1)N=C(N1CCNCC1)c1ccccc1N2	train
C[N+]1(C2OC(C(=O)O)C(O)C(O)C2O)CCN(C2=Nc3ccccc3Oc3ccc(Cl)cc32)CC1	CN1CCN(C2=Nc3ccccc3Oc3ccc(Cl)cc32)CC1	train
C[N+]1(C2OC(C(=O)O)C(O)C(O)C2O)CCC(=C2c3ccccc3CC(=O)c3sccc32)CC1	CN1CCC(=C2c3ccccc3CC(=O)c3sccc32)CC1	train
C[N+](C)(CCN(Cc1ccccc1)c1ccccn1)C1OC(C(=O)O)C(O)C(O)C1O	CN(C)CCN(Cc1ccccc1)c1ccccn1	train
C[N+]1(C2OC(C(=O)O)C(O)C(O)C2O)CCC(=C2c3ccccc3C=Cc3ccccc32)CC1	CN1CCC(=C2c3ccccc3C=Cc3ccccc32)CC1	train
CCC1(c2ccccc2)N=C(O)N(C2OC(C(=O)O)C(O)C(O)C2O)C1=O	CCC1(c2ccccc2)N=C(O)N=C1O	train
NC(CCC(=O)NC(CSCc1ccc([N+](=O)[O-])cc1)C(=O)NCC(=O)O)C(=O)O	O=[N+]([O-])c1ccc(CCl)cc1	train
Cc1c(C)n2c(CSCC(NC(=O)CCC(N)C(=O)O)C(=O)CNC(=O)O)c(C)c(=O)n2c1=O	Cc1c(C)n2c(CCl)c(C)c(=O)n2c1=O	train
COc1cc(OC2OC(C(=O)O)C(O)C(O)C2O)c2c(=O)c(-c3ccc(O)cc3)coc2c1	COc1cc(O)c2c(=O)c(-c3ccc(O)cc3)coc2c1	train
CCc1cc2c(cc1CC)CC(NCC(OC1OC(C(=O)O)C(O)C(O)C1O)c1ccc(O)c3nc(O)ccc13)C2	CCc1cc2c(cc1CC)CC(NCC(O)c1ccc(O)c3nc(O)ccc13)C2	train
NC(Cc1cc(I)c(Oc2ccc(OC3OC(C(=O)O)C(O)C(O)C3O)c(I)c2)c(I)c1)C(=O)O	NC(Cc1cc(I)c(Oc2ccc(O)c(I)c2)c(I)c1)C(=O)O	train
COc1cccc(-c2oc3ccccc3c(=O)c2OC2OC(C(=O)O)C(O)C(O)C2O)c1OC	COc1cccc(-c2oc3ccccc3c(=O)c2O)c1OC	train
CC(=O)Nc1ccc2c(c1)CN1C(=O)c3ccccc3C1=N2	Nc1ccc2c(c1)CN1C(=O)c3ccccc3C1=N2	train
CCC(NC(C)C(=O)N1C(C(=O)OC2(C(=O)O)OC(C)C(O)C(O)C2O)CC2CCCCC21)C(=O)O	CCCC(NC(C)C(=O)N1C(C(=O)O)CC2CCCCC21)C(=O)OCC	train
CC1C(=O)CC2(C(C)(C)OC3OC(C(=O)O)C(O)C(O)C3O)CC12	CC1C(=O)CC2(C(C)(C)O)CC12	train
NC(CCC(=O)NC(CSc1ccccc1CBr)C(=O)NCC(=O)O)C(=O)O	BrCc1ccccc1I	train
C=CC=C(CCC)C(=O)OC1OC(C(=O)O)C(O)C(O)C1O	C=CC=C(CCC)C(=O)O	train
O=C(O)C1OC(Oc2ccc3c(=O)c(O)c(-c4ccccc4)oc3c2)C(O)C(O)C1O	O=c1c(O)c(-c2ccccc2)oc2cc(O)ccc12	train
O=C(Cc1c[nH]c2ccccc12)OC1OC(C(=O)O)C(O)C(O)C1O	O=C(O)Cc1c[nH]c2ccccc12	train
COc1ccc(C(C)=O)c(OS(=O)(=O)O)c1	COc1ccc(C(C)=O)c(O)c1	train
COc1cc(OC2OC(C(=O)O)C(O)C(O)C2O)c2occ(-c3ccccc3)c(=O)c2c1	COc1cc(O)c2occ(-c3ccccc3)c(=O)c2c1	train
O=C(O)C1OC(OC2(C#CC3(C(F)(F)F)OC(O)=Nc4c(O)cc(Cl)cc43)CC2)C(O)C(O)C1O	OC1=Nc2c(O)cc(Cl)cc2C(C#CC2(O)CC2)(C(F)(F)F)O1	train
O=S(=O)(O)Oc1ccc(-c2ccc(Cl)cc2Cl)cc1Cl	Oc1ccc(-c2ccc(Cl)cc2Cl)cc1Cl	train
CC1(C)C2CCC3(C)C(C2)C(C(=O)O)CCC13OC1OC(C(=O)O)C(O)C(O)C1O	CC1(C)C2CCC3(C)C(C2)C(C(=O)O)CCC13O	train
Cc1cc(OC2OC(C(=O)O)C(O)C(O)C2O)ccc1OC(CCN)c1ccccc1	Cc1cc(O)ccc1OC(CCN)c1ccccc1	train
CC(O)=CC(SCC(NC(=O)CCC(N)C(=O)O)C(=O)NCC(=O)O)Sc1ncnc2[nH]cnc12	CC(=O)C=CSc1ncnc2[nH]cnc12	train
O=C(OC1OC(C(=O)O)C(O)C(O)C1O)c1ccccc1	O=C(O)c1ccccc1	train
O=C1N=C(O)C(Cc2ccc(OCCN=c3ccc(OS(=O)(=O)O)c[nH]3)cc2)S1	O=C1N=C(O)C(Cc2ccc(OCCN=c3ccc(O)c[nH]3)cc2)S1	train
O=C1CCC(Cc2cccc(OC3OC(C(=O)O)C(O)C(O)C3O)c2)O1	O=C1CCC(Cc2cccc(O)c2)O1	train
C=C(C)C1CC=C(C)C(=O)C1OC1OC(C(=O)O)C(O)C(O)C1O	C=C(C)C1CC=C(C)C(=O)C1O	train
O=C(O)C1OC(Oc2cc(O)c3c(=O)cc(-c4ccccc4O)oc3c2)C(O)C(O)C1O	O=c1cc(-c2ccccc2O)oc2cc(O)cc(O)c12	train
CC(=O)Oc1ccc2c(c1)CCC1C2CCC2(C)C(OC3OC(C(=O)O)C(O)C(O)C3O)CCC12	CC(=O)Oc1ccc2c(c1)CCC1C2CCC2(C)C(O)CCC12	train
NS(=O)(=O)c1ccc(-n2nc(C(F)(F)F)cc2-c2ccc(C(=O)OC3OC(C(=O)O)C(O)C(O)C3O)cc2)cc1	NS(=O)(=O)c1ccc(-n2nc(C(F)(F)F)cc2-c2ccc(C(=O)O)cc2)cc1	train
CCCCCC(O)CC(=O)CCc1ccc(OC)c(OC2OC(C(=O)O)C(O)C(O)C2O)c1	CCCCCC(O)CC(=O)CCc1ccc(OC)c(O)c1	train
CC(C(=O)O)c1ccc2cc(OC3OC(C(=O)O)C(O)C(O)C3O)ccc2c1	CC(C(=O)O)c1ccc2cc(O)ccc2c1	train
O=S(=O)(O)OC1c2cccc3ccc4c5ccccc5cc1c4c23	OC1c2cccc3ccc4c5ccccc5cc1c4c23	train
COc1cc(O)c2c(=O)c(OC3OC(C(=O)O)C(O)C(O)C3O)c(-c3ccc(O)c(O)c3)oc2c1	COc1cc(O)c2c(=O)c(O)c(-c3ccc(O)c(O)c3)oc2c1	train
O=C(O)C1OC(Oc2ccc(F)cc2)C(O)C(O)C1O	Oc1ccc(F)cc1	train
O=C(O)C1OC(Oc2ccc3c(=O)cc(-c4cccc(O)c4)oc3c2)C(O)C(O)C1O	O=c1cc(-c2cccc(O)c2)oc2cc(O)ccc12	train
CCOC(=O)c1ccc(OC2OC(C(=O)O)C(O)C(O)C2O)cc1	CCOC(=O)c1ccc(O)cc1	train
CCCCCC(C=CC=CCCCCCCCC(=O)O)OC1OC(C(=O)O)C(O)C(O)C1O	CCCCCC(O)C=CC=CCCCCCCCC(=O)O	train
O=C1c2ccc(OC3OC(C(=O)O)C(O)C(O)C3O)cc2OCC1c1ccc(O)cc1	O=C1c2ccc(O)cc2OCC1c1ccc(O)cc1	train
Cc1c(F)c(NO)c2c(=O)c(OC3OC(C(=O)O)C(O)C(O)C3O)c(-c3ccc(N)c(F)c3)oc2c1F	Cc1c(F)c(NO)c2c(=O)c(O)c(-c3ccc(N)c(F)c3)oc2c1F	train
CC1(C)C(=O)C2(C)CC1CC2OC1OC(C(=O)O)C(O)C(O)C1O	CC1(C)C(=O)C2(C)CC1CC2O	train
N#Cc1cc(-c2nc(-c3ccncc3)n(C3OC(C(=O)O)C(O)C(O)C3O)n2)ccn1	N#Cc1cc(-c2nc(-c3ccncc3)n[nH]2)ccn1	train
COc1ccc(-c2oc3cc(OC)ccc3c(=O)c2OC2OC(C(=O)O)C(O)C(O)C2O)cc1	COc1ccc(-c2oc3cc(OC)ccc3c(=O)c2O)cc1	train
NC(=O)N1c2ccccc2CC(OC2OC(C(=O)O)C(O)C(O)C2O)c2ccccc21	NC(=O)N1c2ccccc2CC(O)c2ccccc21	train
Cc1c(CC(=O)NCC(OC2OC(C(=O)O)C(O)C(O)C2O)c2ccccc2)c2cc(O)ccc2n1C(=O)c1ccc(Cl)cc1	Cc1c(CC(=O)NCC(O)c2ccccc2)c2cc(O)ccc2n1C(=O)c1ccc(Cl)cc1	train
O=C(O)C1OC(Oc2cccc3oc(-c4ccccc4)cc(=O)c23)C(O)C(O)C1O	O=c1cc(-c2ccccc2)oc2cccc(O)c12	train
COc1c(OC2OC(C(=O)O)C(O)C(O)C2O)cc2oc(-c3ccccc3)cc(=O)c2c1O	COc1c(O)cc2oc(-c3ccccc3)cc(=O)c2c1O	train
CCc1c2c(nc3ccc(OC4OC(C(=O)O)C(O)C(O)C4O)cc13)-c1cc3c(c(=O)n1C2)COC(=O)C3(O)CC	CCc1c2c(nc3ccc(O)cc13)-c1cc3c(c(=O)n1C2)COC(=O)C3(O)CC	train
CC(C=CC1=C(C)CCCC1(C)C)=CC=CC(C)=CC(=O)Nc1ccc(OC2OC(C(=O)O)C(O)C(O)C2O)cc1	CC(C=CC1=C(C)CCCC1(C)C)=CC=CC(C)=CC(=O)Nc1ccc(O)cc1	train
Cc1ccc2oc(-c3ccc4c(c3)OCO4)c(OC3OC(C(=O)O)C(O)C(O)C3O)c(=O)c2c1	Cc1ccc2oc(-c3ccc4c(c3)OCO4)c(O)c(=O)c2c1	train
COc1cc2c(CCNC(C)=O)c[nH]c2cc1OC1OC(C(=O)O)C(O)C(O)C1O	COc1cc2c(CCNC(C)=O)c[nH]c2cc1O	train
COc1cc(C=CC(=O)OC2OC(C(=O)O)C(O)C(O)C2O)cc(OC)c1O	COc1cc(C=CC(=O)O)cc(OC)c1O	train
Cc1ccc(C(=O)c2ccc(CC(=O)OC3OC(C(=O)O)C(O)C(O)C3O)n2C)cc1	Cc1ccc(C(=O)c2ccc(CC(=O)O)n2C)cc1	train
CC1(C)Cc2c(-c3ccccc3)c(-c3ccc(Cl)c(O)c3)c(CC(=O)OC3OC(C(=O)O)C(O)C(O)C3O)n2C1	CC1(C)Cc2c(-c3ccccc3)c(-c3ccc(Cl)c(O)c3)c(CC(=O)O)n2C1	train
COc1ccccc1OS(=O)(=O)O	COOc1ccccc1O	train
NC(CCC(=O)NC(CSC([S])=NCCc1ccccc1)C(=O)NCC(=O)O)C(=O)O	S=C=NCCc1ccccc1	train
O=C(OC1OC(C(=O)O)C(O)C(O)C1O)c1nn(Cc2ccc(Cl)cc2Cl)c2ccccc12	O=C(O)c1nn(Cc2ccc(Cl)cc2Cl)c2ccccc12	train
O=C(O)C1OC(OCC(F)(Cl)Cl)C(O)C(O)C1O	OCC(F)(Cl)Cl	train
CC(C)=CCCC(C)=CCOS(=O)(=O)O	CC(C)=CCCC(C)=CCO	train
CC=Cc1ccc(OC2OC(C(=O)O)C(O)C(O)C2O)c(OC)c1	CC=Cc1ccc(O)c(OC)c1	train
CC(C)(Oc1ccc(Cl)cc1)C(=O)OC1OC(C(=O)O)C(O)C(O)C1O	CC(C)(Oc1ccc(Cl)cc1)C(=O)O	train
Cc1cccc(C)c1OCC(C)NOC1OC(C(=O)O)C(O)C(O)C1O	Cc1cccc(C)c1OCC(C)NO	train
COC(c1ccccc1)(c1ccccc1)C(Oc1nc(C)cc(CO)n1)C(=O)OC1OC(C(=O)O)C(O)C(O)C1O	COC(c1ccccc1)(c1ccccc1)C(Oc1nc(C)cc(CO)n1)C(=O)O	train
COc1ccc(OC2OC(C(=O)O)C(O)C(O)C2O)cc1	COc1ccc(O)cc1	train
O=C1c2ccccc2-c2ccc(NOS(=O)(=O)O)c3cccc1c23	O=C1c2ccccc2-c2ccc(NO)c3cccc1c23	train
CC(=O)Nc1ccc2nc3c(C)cccn3c2n1	Cc1cccn2c1nc1ccc(=N)[nH]c12	train
COc1ccc2cc3[n+](cc2c1OC1OC(C(=O)O)C(O)C(O)C1O)CCc1cc2c(cc1-3)OCO2	COc1ccc2cc3n(cc-2c1=O)CCc1cc2c(cc1-3)OCO2	train
COc1cc(CCC(=O)O)ccc1OS(=O)(=O)O	COc1cc(CCC(=O)O)ccc1O	train
CCCOc1ccc(OC2OC(C(=O)O)C(O)C(O)C2O)cc1	CCCOc1ccc(O)cc1	train
CCc1cccc(OS(=O)(=O)O)c1	CCc1cccc(O)c1	train
NC(CCC(=O)NC(CSCC1OC1c1ccccc1)C(=O)NCC(=O)O)C(=O)O	CC1OC1c1ccccc1	train
COc1c(OC2OC(C(=O)O)C(O)C(O)C2O)cc(O)c2c(=O)cc(-c3ccccc3)oc12	COc1c(O)cc(O)c2c(=O)cc(-c3ccccc3)oc12	train
O=C(O)C1OC(Oc2c(-c3ccc(O)c(O)c3)oc3ccccc3c2=O)C(O)C(O)C1O	O=c1c(O)c(-c2ccc(O)c(O)c2)oc2ccccc12	train
CNC(=O)c1cc(Oc2ccc(NC(=O)N(c3ccc(Cl)c(C(F)(F)F)c3)C3OC(C(=O)O)C(O)C(O)C3O)cc2)ccn1	CNC(=O)c1cc(Oc2ccc(NC(=O)Nc3ccc(Cl)c(C(F)(F)F)c3)cc2)ccn1	train
O=C(O)C1OC(Oc2ccc(I)cc2)C(O)C(O)C1O	Oc1ccc(I)cc1	train
CC(=O)c1ccc(OC2OC(C(=O)O)C(O)C(O)C2O)cc1	CC(=O)c1ccc(O)cc1	train
O=C(O)C1OC(Oc2cc(Cl)ccc2Oc2ccc(Cl)cc2Cl)C(O)C(O)C1O	Oc1cc(Cl)ccc1Oc1ccc(Cl)cc1Cl	train
COc1ccc(C=Cc2cc(OC)c(OC)c(OC)c2)cc1OC1OC(C(=O)O)C(O)C(O)C1O	COc1ccc(C=Cc2cc(OC)c(OC)c(OC)c2)cc1O	train
O=C1OC(C(O)CO)C(O)=C1OS(=O)(=O)O	O=C1OC(C(O)CO)C(O)=C1O	train
CC(=O)Nc1ccc2c(c1)Cc1ccccc1-2	Nc1ccc2c(c1)Cc1ccccc1-2	train
COc1c(OC2OC(C(=O)O)C(O)C(O)C2O)ccc2cc3[n+](cc12)CCc1cc2c(cc1-3)OCO2	COc1c(O)ccc2cc3[n+](cc12)CCc1cc2c(cc1-3)OCO2	train
Cc1c(-c2ccccc2)oc2cc(OC3OC(C(=O)O)C(O)C(O)C3O)ccc2c1=O	Cc1c(-c2ccccc2)oc2cc(O)ccc2c1=O	train
COc1ccc(NC(C)=O)cc1OC	COc1ccc(N)cc1OC	train
Cc1ccc(N(CC2=NCCN2)c2cccc(OS(=O)(=O)O)c2)cc1	Cc1ccc(N(CC2=NCCN2)c2cccc(O)c2)cc1	train
CC(=O)c1ccc(O)cc1OS(=O)(=O)O	CC(=O)c1ccc(O)cc1O	train
CNCC(O)c1ccc(OS(=O)(=O)O)c(O)c1	CNCC(O)c1ccc(O)c(O)c1	train
O=S(=O)(O)OC1CCCc2cc3ccc4cccc5ccc(c21)c3c45	OC1CCCc2cc3ccc4cccc5ccc(c21)c3c45	train
NC1C2CN(c3nc4c(cc3F)c(=O)c(C(=O)OC3OC(C(=O)O)C(O)C(O)C3O)cn4-c3ccc(F)cc3F)CC12	NC1C2CN(c3nc4c(cc3F)c(=O)c(C(=O)O)cn4-c3ccc(F)cc3F)CC12	train
O=S(=O)(O)OCc1cc2ccc3cccc4ccc(c1)c2c34	OCc1cc2ccc3cccc4ccc(c1)c2c34	train
CC(OC1OC(C(=O)O)C(O)C(O)C1O)c1ccccc1	CC(O)c1ccccc1	train
O=C(O)C1OC(Oc2cc(O)c3c(=O)c(O)c(-c4ccc(O)cc4)oc3c2)C(O)C(O)C1O	O=c1c(O)c(-c2ccc(O)cc2)oc2cc(O)cc(O)c12	train
CCc1ccccc1NC(C)=O	CCc1ccccc1N	train
CCCCCCCCCc1ccc(OS(=O)(=O)O)cc1	CCCCCCCCCc1ccc(O)cc1	train
O=C(O)C1OC(Oc2cc(Cl)c(NC3=NCCN3)c3nsnc23)C(O)C(O)C1O	Oc1cc(Cl)c(NC2=NCCN2)c2nsnc12	train
CC12CCCCCC(Cc3ccc(OC4OC(C(=O)O)C(O)C(O)C4O)cc31)C2N	CC12CCCCCC(Cc3ccc(O)cc31)C2N	train
CCOc1ccc(NC(=O)NC2OC(C(=O)O)C(O)C(O)C2O)cc1	CCOc1ccc(NC(N)=O)cc1	train
COc1cc(-c2oc3cc(O)c(OC)c(O)c3c(=O)c2OC)ccc1OC1OC(C(=O)O)C(O)C(O)C1O	COc1cc(-c2oc3cc(O)c(OC)c(O)c3c(=O)c2OC)ccc1O	train
O=C1c2cc(OC3OC(C(=O)O)C(O)C(O)C3O)c(O)cc2CC1CC1CCN(Cc2ccccc2)CC1	O=C1c2cc(O)c(O)cc2CC1CC1CCN(Cc2ccccc2)CC1	train
O=C(O)C1OC(Oc2c(-c3ccc(O)cc3)oc3ccc(O)cc3c2=O)C(O)C(O)C1O	O=c1c(O)c(-c2ccc(O)cc2)oc2ccc(O)cc12	train
Cc1ccc(Nc2c(F)cc(O)cc2Cl)c(CC(=O)OC2OC(C(=O)O)C(O)C(O)C2O)c1	Cc1ccc(Nc2c(F)cc(O)cc2Cl)c(CC(=O)O)c1	train
NCC(c1ccc(OC2OC(C(=O)O)C(O)C(O)C2O)cc1)C1(O)CCCCC1	NCC(c1ccc(O)cc1)C1(O)CCCCC1	train
O=C(O)C1OC(Oc2ccc3cccc(O)c3n2)C(O)C(O)C1O	Oc1ccc2cccc(O)c2n1	train
CC(=CCO)CCC=C(C)CCC=C(C)COC1OC(C(=O)O)C(O)C(O)C1O	CC(=CCCC(C)=CCCC(C)=CCO)CO	train
CC(C(=O)OC1OC(C(=O)O)C(O)C(O)C1O)c1cccc(C(=O)c2ccccc2)c1	CC(C(=O)O)c1cccc(C(=O)c2ccccc2)c1	train
Cc1c2ccccc2c(OS(=O)(=O)O)c2ccc3ccccc3c12	Cc1c2ccccc2c(O)c2ccc3ccccc3c12	train
O=C(O)C1OC(Oc2ccc3c(c2)CCC(c2ccccc2)C3c2ccc(OCCN3CCCC3)cc2)C(O)C(O)C1O	Oc1ccc2c(c1)CCC(c1ccccc1)C2c1ccc(OCCN2CCCC2)cc1	train
NC(CCC(=O)NC(CSCCCc1ccccc1)C(=O)NCC(=O)O)C(=O)O	ICCCc1ccccc1	train
O=C(O)COC(=O)Cc1ccccc1Nc1c(Cl)cc(OC2OC(C(=O)O)C(O)C(O)C2O)cc1Cl	O=C(O)COC(=O)Cc1ccccc1Nc1c(Cl)cc(O)cc1Cl	train
O=C(CCC(O)Cc1cc(O)cc(O)c1)OCOC1OC(C(O)O)C(O)C(O)C1O	O=C(O)CCC(O)Cc1cc(O)cc(O)c1	train
CNCCC(Oc1ccc(OC2OC(C(=O)O)C(O)C(O)C2O)cc1C)c1ccccc1	CNCCC(Oc1ccc(O)cc1C)c1ccccc1	train
O=C(O)C1OC(Oc2cc3oc(-c4cccc(O)c4)cc(=O)c3cc2O)C(O)C(O)C1O	O=c1cc(-c2cccc(O)c2)oc2cc(O)c(O)cc12	train
CC(=O)N(OC1OC(C(=O)O)C(O)C(O)C1O)c1ccc2c(c1)Cc1ccccc1-2	CC(=O)N(O)c1ccc2c(c1)Cc1ccccc1-2	train
O=C(O)C1OC(OCC(CO)(CBr)CBr)C(O)C(O)C1O	OCC(CO)(CBr)CBr	train
COc1ccc(CC2CCC(=O)O2)cc1OC1OC(C(=O)O)C(O)C(O)C1O	COc1ccc(CC2CCC(=O)O2)cc1O	train
COc1cc2c(cc1OC1OC(O)C(O)C(O)C1O)CCC1C2CCC2(C)C(=O)CCC12	COc1cc2c(cc1O)CCC1C2CCC2(C)C(=O)CCC12	train
C=C(C)C1CC=C(C)C(OC2OC(C(=O)O)C(O)C(O)C2O)C1	C=C(C)C1CC=C(C)C(O)C1	train
O=C(O)C1OC(Oc2ccc3c(=O)cc(-c4ccccc4)oc3c2)C(O)C(O)C1O	O=c1cc(-c2ccccc2)oc2cc(O)ccc12	train
C=C1CCC(O)CC1=CC=C1CCCC2(C)C1CCC2C(C)C=CC(C)C(C)(C)OC1OC(C(=O)O)C(O)C(O)C1O	C=C1CCC(O)CC1=CC=C1CCCC2(C)C1CCC2C(C)C=CC(C)C(C)(C)O	train
Cc1cc(OC2OC(C(=O)O)C(O)C(O)C2O)n(-c2ccccc2)n1	Cc1cc(O)n(-c2ccccc2)n1	train
O=C(O)C1OC(Oc2cc3oc(-c4ccccc4)cc(=O)c3cc2O)C(O)C(O)C1O	O=c1cc(-c2ccccc2)oc2cc(O)c(O)cc12	train
CC(=O)N(OC1OC(C(=O)O)C(O)C(O)C1O)c1ncc(-c2ccccc2)cc1C	CC(=O)N(O)c1ncc(-c2ccccc2)cc1C	train
COc1cc(OS(=O)(=O)O)c(C(C)=O)cc1O	COc1cc(O)c(C(C)=O)cc1O	train
CC(=O)Nc1ccc(Oc2ccccc2)cc1	Nc1ccc(Oc2ccccc2)cc1	train
O=C1C=c2cc3ccc4ccc(NOC5OC(C(=O)O)C(O)C(O)C5O)cc4c3cc2=CC1	O=C1C=c2cc3ccc4ccc(NO)cc4c3cc2=CC1	train
O=C(O)c1cc(O)c2cccc(OS(=O)(=O)O)c2n1	O=C(O)c1cc(O)c2cccc(O)c2n1	train
COCC(Cn1ccnc1[N+](=O)[O-])OC1OC(C(=O)O)C(O)C(O)C1O	COCC(O)Cn1ccnc1[N+](=O)[O-]	train
CC12CCC3C(CCC4CC(OC5OC(C(=O)O)C(O)C(O)C5O)CCC43C)C1CCC2=O	CC12CCC3C(CCC4CC(O)CCC43C)C1CCC2=O	train
C#CC1(O)CCC2C3CCC4=CC(OC5OC(C(=O)O)C(O)C(O)C5O)CCC4C3C(=C)CC21CC	C#CC1(O)CCC2C3CCC4=CC(O)CCC4C3C(=C)CC21CC	train
NC(CCC(=O)NC(CSOC1c2cc3ccc4cccc5ccc(c2C=CC1O)c3c45)C(=O)NCC(=O)O)C(=O)O	C1=CC2OC2c2cc3ccc4cccc5ccc(c21)c3c45	train
O=C(O)C1OC(Oc2ccc(Cl)cc2)C(O)C(O)C1O	Oc1ccc(Cl)cc1	train
N=c1nc(N2CCCCC2)cc(N)n1OS(=O)(=O)O	N=c1nc(N2CCCCC2)cc(N)n1O	train
CN1C(=O)N=C(O)C(C)(C2(SCC(NC(=O)CCC(N)C(=O)O)C(=O)NCC(=O)O)CCCC(=O)C2)C1=O	CN1C(=O)N=C(O)C(C)(C2=CC(=O)CCC2)C1=O	train
COc1cc2c(cc1OC1OC(C(=O)O)C(O)C(O)C1O)CC(CC1CCN(Cc3ccccc3)CC1)C2=O	COc1cc2c(cc1O)CC(CC1CCN(Cc3ccccc3)CC1)C2=O	train
O=C(O)C1OC(Oc2ccc3oc(-c4ccccc4)cc(=O)c3c2)C(O)C(O)C1O	O=c1cc(-c2ccccc2)oc2ccc(O)cc12	train
COc1cc(CCC(O)=CC(=O)C=Cc2ccc(OC3OC(C(=O)O)C(O)C(O)C3O)c(OC)c2)ccc1O	COc1cc(C=CC(=O)C=C(O)CCc2ccc(O)c(OC)c2)ccc1O	train
Cc1cc(OC2OC(C(=O)O)C(O)C(O)C2O)cc(C)c1N	Cc1cc(O)cc(C)c1N	train
Cc1ccc2oc(-c3ccccc3)c(OC3OC(C(=O)O)C(O)C(O)C3O)c(=O)c2c1	Cc1ccc2oc(-c3ccccc3)c(O)c(=O)c2c1	train
Cc1ccc(C(=O)c2cc(O)c(OC3OC(C(=O)O)C(O)C(O)C3O)c([N+](=O)[O-])c2)cc1	Cc1ccc(C(=O)c2cc(O)c(O)c([N+](=O)[O-])c2)cc1	train
O=C(OC1OC(C(=O)O)C(O)C(O)C1O)c1c[nH]c2ccccc12	O=C(O)c1c[nH]c2ccccc12	train
O=C(O)C1OC(Oc2c(-c3ccc(O)c(O)c3)oc3cc(O)ccc3c2=O)C(O)C(O)C1O	O=c1c(O)c(-c2ccc(O)c(O)c2)oc2cc(O)ccc12	train
Cc1ncc([N+](=O)[O-])n1CC(CCl)OC1OC(C(=O)O)C(O)C(O)C1O	Cc1ncc([N+](=O)[O-])n1CC(O)CCl	train
COc1ccc(-c2oc3ccc(OC)cc3c(=O)c2OC2OC(C(=O)O)C(O)C(O)C2O)cc1	COc1ccc(-c2oc3ccc(OC)cc3c(=O)c2O)cc1	train
Cc1cn(C2CC(N)C(COC3C(O)C(O)OC(C(=O)O)C3O)O2)c(=O)nc1O	Cc1cn(C2CC(N)C(CO)O2)c(=O)nc1O	train
CCc1ccc(OC2OC(C(=O)O)C(O)C(O)C2O)cc1	CCc1ccc(O)cc1	train
O=C(O)C1OC(Oc2c(-c3cccc(O)c3)oc3ccccc3c2=O)C(O)C(O)C1O	O=c1c(O)c(-c2cccc(O)c2)oc2ccccc12	train
COc1ccc(Cl)cc1C1(F)C(=O)N(C2OC(C(=O)O)C(O)C(O)C2O)c2cc(C(F)(F)F)ccc21	COc1ccc(Cl)cc1C1(F)C(O)=Nc2cc(C(F)(F)F)ccc21	train
O=C(O)Cc1ccccc1Nc1c(Cl)cc(OC2OC(C(=O)O)C(O)C(O)C2O)cc1Cl	O=C(O)Cc1ccccc1Nc1c(Cl)cc(O)cc1Cl	train
CC(C)=CCCC(C)=CCCC(C)=CCOC1OC(C(=O)O)C(O)C(O)C1O	CC(C)=CCCC(C)=CCCC(C)=CCO	train
CCOC(=O)c1c(CSc2ccccc2)n(C)c2cc(Br)c(OC3OC(C(=O)O)C(O)C(O)C3O)c(CN(C)C)c12	CCOC(=O)c1c(CSc2ccccc2)n(C)c2cc(Br)c(O)c(CN(C)C)c12	train
COc1cc2ccccc2cc1O	Oc1cc2ccccc2cc1O	train
O=C(O)C1OC(OC2N=C(c3ccccc3Cl)c3cc(Cl)ccc3N=C2O)C(O)C(O)C1O	OC1=Nc2ccc(Cl)cc2C(c2ccccc2Cl)=NC1O	train
CC1(C)C(=O)C2(C)CCC1C2OC1OC(C(=O)O)C(O)C(O)C1O	CC1(C)C(=O)C2(C)CCC1C2O	train
O=C(O)C1OC(Oc2ccc(-c3ccccc3)cc2)C(O)C(O)C1O	Oc1ccc(-c2ccccc2)cc1	train
O=C(O)Cc1ccccc1Nc1c(Cl)ccc(OC2OC(C(=O)O)C(O)C(O)C2O)c1Cl	O=C(O)Cc1ccccc1Nc1c(Cl)ccc(O)c1Cl	train
CN1CCC23c4c5ccc(O)c4OC2C(OC2OC(C(=O)O)C(O)C(O)C2O)C=CC3C1C5	CN1CCC23c4c5ccc(O)c4OC2C(O)C=CC3C1C5	train
O=C(O)C1OC(Oc2cc(O)c3c(=O)cc(-c4ccccc4)oc3c2)C(O)C(O)C1O	O=c1cc(-c2ccccc2)oc2cc(O)cc(O)c12	train
CCCN1CC(NS(=O)(=O)N(CC)CC)CC2Cc3c(cccc3OC3OC(C(=O)O)C(O)C(O)C3O)CC21	CCCN1CC(NS(=O)(=O)N(CC)CC)CC2Cc3c(O)cccc3CC21	train
CC12CCC(S(=O)(=O)O)CC1C1CC1C1C2CCC2(C)C1C1CC1C21CCC(=O)O1	CC12CCC(O)CC1C1CC1C1C2CCC2(C)C1C1CC1C21CCC(=O)O1	train
CC12CCC(C1)C(C)(COC1OC(C(=O)O)C(O)C(O)C1O)C2=O	CC12CCC(C1)C(C)(CO)C2=O	train
O=C(O)C1OC(Oc2ccc3c(=O)cc(-c4ccc(O)c(O)c4)oc3c2)C(O)C(O)C1O	O=c1cc(-c2ccc(O)c(O)c2)oc2cc(O)ccc12	train
O=C(O)C1OC(Oc2ccc3c(=O)c(-c4ccc(O)cc4)coc3c2)C(O)C(O)C1O	O=c1c(-c2ccc(O)cc2)coc2cc(O)ccc12	train
CC(=O)Nc1ccc(S(=O)(=O)Nc2nccc(C)n2)cc1	Cc1ccnc(NS(=O)(=O)c2ccc(N)cc2)n1	train
O=C(O)C1OC(Oc2cc3[nH]ccc3cc2O)C(O)C(O)C1O	Oc1cc2cc[nH]c2cc1O	train
CCCCc1cc(N)n2ncc(OC3OC(C(=O)O)C(O)C(O)C3O)c2n1	CCCCc1cc(N)n2ncc(O)c2n1	train
COc1cc2ccc(=O)oc2c(O)c1OC1OC(C(=O)O)C(O)C(O)C1O	COc1cc2ccc(=O)oc2c(O)c1O	train
O=C(O)C1OC(Oc2c(-c3ccccc3O)oc3ccccc3c2=O)C(O)C(O)C1O	O=c1c(O)c(-c2ccccc2O)oc2ccccc12	train
Cc1cccc(C(C)c2cn(C3OC(C(=O)O)C(O)C(O)C3O)cn2)c1C	Cc1cccc(C(C)c2cnc[nH]2)c1C	train
CN(CCCC(O)c1ccc[n+](C2OC(C(=O)O)C(O)C(O)C2O)c1)N=O	CN(CCCC(O)c1cccnc1)N=O	train
COc1cc(C=CC(=O)O)ccc1OC1OC(C(=O)O)C(O)C(O)C1O	COc1cc(C=CC(=O)O)ccc1O	train
COc1cccc2oc(-c3ccccc3)c(OC3OC(C(=O)O)C(O)C(O)C3O)c(=O)c12	COc1cccc2oc(-c3ccccc3)c(O)c(=O)c12	train
COc1ccc(-c2oc3ccccc3c(=O)c2OC2OC(C(=O)O)C(O)C(O)C2O)cc1	COc1ccc(-c2oc3ccccc3c(=O)c2O)cc1	train
CC(C)c1cc(O)cc(C(C)C)c1OC1OC(C(=O)O)C(O)C(O)C1O	CC(C)c1cc(O)cc(C(C)C)c1O	train
COc1cc2c(c3oc(=O)c4c(c13)CCC4=O)C1C(O2)OC(SCC(NC(=O)CCC(N)C(=O)O)C(=O)NCC(=O)O)C1O	COc1cc2c(c3oc(=O)c4c(c13)CCC4=O)C1C(O2)OC2OC21	train
CC1(C)CCC2(C(=O)O)CCC3(C)C(=CCC4C5(C)CCC(OC6OC(C(=O)O)C(O)C(O)C6O)C(C)(C=O)C5CCC43C)C2C1	CC1(C)CCC2(C(=O)O)CCC3(C)C(=CCC4C5(C)CCC(O)C(C)(C=O)C5CCC43C)C2C1	train
CC(=O)Nc1ccc(C)cc1	Cc1ccc(N)cc1	train
COc1cc(-c2oc3cc(O)ccc3c(=O)c2OC2OC(C(=O)O)C(O)C(O)C2O)ccc1O	COc1cc(-c2oc3cc(O)ccc3c(=O)c2O)ccc1O	train
O=C(O)C1OC(Oc2c(-c3ccccc3)oc3ccccc3c2=O)C(O)C(O)C1O	O=c1c(O)c(-c2ccccc2)oc2ccccc12	train
CC12CCC(OS(=O)(=O)O)CC1=CCC1C2CCC2(C)C(c3cccnc3)=CCC12	CC12CCC(O)CC1=CCC1C2CCC2(C)C(c3cccnc3)=CCC12	train
COc1ccc2c(=O)c(-c3ccccc3)coc2c1OC1OC(C(=O)O)C(O)C(O)C1O	COc1ccc2c(=O)c(-c3ccccc3)coc2c1O	train
O=C(O)C1OC(Oc2c(-c3ccccc3O)oc3cc(O)cc(O)c3c2=O)C(O)C(O)C1O	O=c1c(O)c(-c2ccccc2O)oc2cc(O)cc(O)c12	train
O=C(O)C1OC(Oc2c(-c3cccc(O)c3)oc3cc(O)ccc3c2=O)C(O)C(O)C1O	O=c1c(O)c(-c2cccc(O)c2)oc2cc(O)ccc12	train
C=C(C)C1CC=C(COC2OC(C(=O)O)C(O)C(O)C2O)CC1	C=C(C)C1CC=C(CO)CC1	train
CCC1(c2ccc(O)cc2)N=C(O)N(C2OC(C(=O)O)C(O)C(O)C2O)C1=O	CCC1(c2ccc(O)cc2)N=C(O)N=C1O	train
COc1ccc(-c2cc(=O)c3ccc(OC4OC(C(=O)O)C(O)C(O)C4O)cc3o2)cc1	COc1ccc(-c2cc(=O)c3ccc(O)cc3o2)cc1	train
COc1cccc(-c2oc3ccccc3c(=O)c2OC2OC(C(=O)O)C(O)C(O)C2O)c1	COc1cccc(-c2oc3ccccc3c(=O)c2O)c1	train
CC1(C)C(C=C(Br)Br)C1C(=O)OC1OC(C(=O)O)C(O)C(O)C1O	CC1(C)C(C=C(Br)Br)C1C(=O)O	train
CC(=O)NCCc1c[nH]c2ccc(OC3OC(C(=O)O)C(O)C(O)C3O)cc12	CC(=O)NCCc1c[nH]c2ccc(O)cc12	train
O=C(O)C1OC(Oc2ccc(C3CCCC3)cc2)C(O)C(O)C1O	Oc1ccc(C2CCCC2)cc1	train
COc1cc2c(cc1OC1OC(C(=O)O)C(O)C(O)C1O)CCC1C2CCC2(C)C(O)CCC12	COc1cc2c(cc1O)CCC1C2CCC2(C)C(O)CCC12	train
CNCCC(Oc1cccc2c(OS(=O)(=O)O)c(OC)ccc12)c1ccco1	CNCCC(Oc1cccc2c(O)c(OC)ccc12)c1ccco1	train
O=C(O)C1OC(Oc2ccc(Br)cc2)C(O)C(O)C1O	Oc1ccc(Br)cc1	train
O=C(O)C1OC(Oc2ccc(N=Nc3ccccc3)cc2)C(O)C(O)C1O	Oc1ccc(N=Nc2ccccc2)cc1	train
Cc1cc(NS(=O)(=O)c2ccc([NH+]([O-])SCC(NC(=O)CCC(N)C(=O)O)C(=O)NCC(=O)O)cc2)no1	Cc1cc(NS(=O)(=O)c2ccc(N=O)cc2)no1	train
CNCCC(Oc1ccccc1COC1OC(C(=O)O)C(O)C(O)C1O)c1ccccc1	CNCCC(Oc1ccccc1CO)c1ccccc1	train
CC12CCC3C(CCC4=C(OC5OC(C(=O)O)C(O)C(O)C5O)C(=O)CCC43C)C1CCC2=O	CC12CCC3C(CCC4=C(O)C(=O)CCC43C)C1CCC2=O	train
COc1cc2c(=O)c(-c3ccccc3)coc2cc1OC1OC(C(=O)O)C(O)C(O)C1O	COc1cc2c(=O)c(-c3ccccc3)coc2cc1O	train
CCCCc1cc(NC2OC(C(=O)O)C(O)C(O)C2O)n2nccc2n1	CCCCc1cc(N)n2nccc2n1	train
C#Cc1cccc(Nc2ncnc3cc(OCCOC)c(OC4OC(C(=O)O)C(O)C(O)C4O)cc23)c1	C#Cc1cccc(Nc2ncnc3cc(OCCOC)c(O)cc23)c1	train
N=c1[nH]c2nc(=N)c(-c3ccc(OS(=O)(=O)O)cc3)nc-2c(N)[nH]1	N=c1[nH]c2nc(=N)c(-c3ccc(O)cc3)nc-2c(N)[nH]1	train
COc1cc(C=Cc2ccc(OC3OC(C(=O)O)C(O)C(O)C3O)cc2)cc(OC)c1	COc1cc(C=Cc2ccc(O)cc2)cc(OC)c1	train
Cc1nccc2c1[nH]c1cc(OC3OC(C(=O)O)C(O)C(O)C3O)ccc12	Cc1nccc2c1[nH]c1cc(O)ccc12	train
C=CCc1ccc(O)c(-c2cc(CC=C)ccc2OC2OC(C(=O)O)C(O)C(O)C2O)c1	C=CCc1ccc(O)c(-c2cc(CC=C)ccc2O)c1	train
O=C(O)C1OC(Oc2cc3c(cc2Cl)C(C#CC2CC2)(C(F)(F)F)OC(O)=N3)C(O)C(O)C1O	OC1=Nc2cc(O)c(Cl)cc2C(C#CC2CC2)(C(F)(F)F)O1	train
COc1cc2c(cc1OC1OC(C(=O)O)C(O)C(O)C1O)C(=O)C(CC1CCN(Cc3ccccc3)CC1)C2	COc1cc2c(cc1O)C(=O)C(CC1CCN(Cc3ccccc3)CC1)C2	train
O=C(O)C1OC(Oc2c(-c3ccc(O)cc3O)oc3cc(O)cc(O)c3c2=O)C(O)C(O)C1O	O=c1c(O)c(-c2ccc(O)cc2O)oc2cc(O)cc(O)c12	train
Cc1c(COC2OC(C(=O)O)C(O)C(O)C2O)ccc2c(=O)c3cccc(CC(=O)O)c3oc12	Cc1c(CO)ccc2c(=O)c3cccc(CC(=O)O)c3oc12	train
CCN(CC)CCNC(=O)c1ccc(NC(C)=O)cc1	CCN(CC)CCNC(=O)c1ccc(N)cc1	train
O=C(O)C1OC(Oc2c(-c3ccc(O)cc3)oc3ccccc3c2=O)C(O)C(O)C1O	O=c1c(O)c(-c2ccc(O)cc2)oc2ccccc12	train
COc1cc2c(=O)c(-c3ccc(O)cc3)coc2cc1OC1OC(C(=O)O)C(O)C(O)C1O	COc1cc2c(=O)c(-c3ccc(O)cc3)coc2cc1O	train
O=C1N=C(O)C(Cc2ccc(OCCNc3ncccc3OS(=O)(=O)O)cc2)S1	O=C1N=C(O)C(Cc2ccc(OCCNc3ncccc3O)cc2)S1	train
CC(C)(OOSCC(NC(=O)CCC(N)C(=O)O)C(=O)NCC(=O)O)c1ccccc1	CC(C)(OO)c1ccccc1	train
CN1CCC(c2c(OC3OC(C(=O)O)C(O)C(O)C3O)cc(O)c3c(=O)cc(-c4ccccc4Cl)oc23)C(O)C1	CN1CCC(c2c(O)cc(O)c3c(=O)cc(-c4ccccc4Cl)oc23)C(O)C1	train
CC(=O)c1cc(OS(=O)(=O)O)c(O)cc1O	CC(=O)c1cc(O)c(O)cc1O	train
C#CC1(OC2OC(C(=O)O)C(O)C(O)C2O)CC(O)C2C3CCC4=CCCCC4C3C(=C)CC21CC	C#CC1(O)CC(O)C2C3CCC4=CCCCC4C3C(=C)CC21CC	train
CC(=O)N1CCc2c1[nH]c1ccc(OC3OC(C(=O)O)C(O)C(O)C3O)cc21	CC(=O)N1CCc2c1[nH]c1ccc(O)cc21	train
COc1ccccc1-c1cc(=O)c2ccc(OC3OC(C(=O)O)C(O)C(O)C3O)cc2o1	COc1ccccc1-c1cc(=O)c2ccc(O)cc2o1	train
CC12CCC(OC3OC(C(=O)O)C(O)C(O)C3O)(C1)C(C)(C)C2=O	CC12CCC(O)(C1)C(C)(C)C2=O	train
CN1CCC23C=CC(O)CC2Oc2c(OC4OC(C(=O)O)C(O)C(O)C4O)ccc(c23)C1	CN1CCC23C=CC(O)CC2Oc2c(O)ccc(c23)C1	train
COc1ccc(-c2cc(=O)c3c(O)cc(OC4OC(C(=O)O)C(O)C(O)C4O)cc3o2)cc1O	COc1ccc(-c2cc(=O)c3c(O)cc(O)cc3o2)cc1O	train
O=C1CCC(Cc2cc(O)c(O)c(OC3OC(C(=O)O)C(O)C(O)C3O)c2)O1	O=C1CCC(Cc2cc(O)c(O)c(O)c2)O1	train
Cc1ccc(C(C)C)cc1OC1OC(C(=O)O)C(O)C(O)C1O	Cc1ccc(C(C)C)cc1O	train
CC(=O)C1CCC2C3CCC4=CC(=O)CCC4(C)C3C(OC3OC(C(=O)O)C(O)C(O)C3O)CC12C	CC(=O)C1CCC2C3CCC4=CC(=O)CCC4(C)C3C(O)CC12C	train
CN(C)CCC=C1c2ccccc2COc2ccc(OC3OC(C(=O)O)C(O)C(O)C3O)cc21	CN(C)CCC=C1c2ccccc2COc2ccc(O)cc21	train
CC12CCC(OS(=O)(=O)O)CC1=CCC1C2CCC2(C)C(c3ccc[n+]([O-])c3)=CCC12	CC12CCC(O)CC1=CCC1C2CCC2(C)C(c3ccc[n+]([O-])c3)=CCC12	train
CC1CN(C(=O)OC2OC(C(=O)O)C(C)C(C)C2C)CCc2ccc(Cl)cc21	CC1CN(C(=O)O)CCc2ccc(Cl)cc21	train
CC1(C)C2CCC3(C)C(C=CCC13OC1OC(C(=O)O)C(O)C(O)C1O)C2	CC1(C)C2CCC3(C)C(C=CCC13O)C2	train
O=C(O)COC(=O)Cc1cc(OC2OC(C(=O)O)C(O)C(O)C2O)ccc1Nc1c(Cl)cccc1Cl	O=C(O)COC(=O)Cc1cc(O)ccc1Nc1c(Cl)cccc1Cl	train
CC1(C)Cc2c(-c3ccc(O)cc3)c(-c3ccc(Cl)cc3)c(CC(=O)OC3OC(C(=O)O)C(O)C(O)C3O)n2C1	CC1(C)Cc2c(-c3ccc(O)cc3)c(-c3ccc(Cl)cc3)c(CC(=O)O)n2C1	train
COc1cc(-c2cc(=O)c3c(O)cc(OC4OC(C(=O)O)C(O)C(O)C4O)cc3o2)ccc1O	COc1cc(-c2cc(=O)c3c(O)cc(O)cc3o2)ccc1O	train
Nc1ccc(S(=O)(=O)c2ccc([NH+]([O-])SCC(NC(=O)CCC(N)C(=O)O)C(=O)NCC(=O)O)cc2)cc1	Nc1ccc(S(=O)(=O)c2ccc(N=O)cc2)cc1	train
CCCc1nn(C)c2c(Nc3ccc(C)cn3)nc(N3CCN(C(C)=O)CC3)nc12	CCCc1nn(C)c2c(Nc3ccc(C)cn3)nc(N3CCNCC3)nc12	train
Cc1ccsc1-c1ccc(C(C)(C)C(=O)OC2OC(C(=O)O)C(O)C(O)C2O)cc1	Cc1ccsc1-c1ccc(C(C)(C)C(=O)O)cc1	train
Cn1cc(NC(=O)c2cc(NC(=O)c3cc(NC(=O)c4cc(NC(=O)C(Br)CSCC(NC(=O)CCC(N)C(=O)O)C(=O)NCC(=O)O)cn4C)cn3C)cn2C)cc1C(=O)NCCNC(=N)N	C=C(Br)C(=O)Nc1cc(C(=O)Nc2cc(C(=O)Nc3cc(C(=O)Nc4cc(C(=O)NCCNC(=N)N)n(C)c4)n(C)c3)n(C)c2)n(C)c1	train
O=C(O)C1OC(Oc2cc3c(cc2Cl)Oc2cc(Cl)c(Cl)cc2O3)C(O)C(O)C1O	Oc1cc2c(cc1Cl)Oc1cc(Cl)c(Cl)cc1O2	train
O=C(O)C1OC(OC2N=C(c3ccccc3)c3cc(Cl)ccc3N=C2O)C(O)C(O)C1O	OC1=Nc2ccc(Cl)cc2C(c2ccccc2)=NC1O	train
CN1C(=O)N=C(O)C(C)(C2=CC(OC3OC(C(=O)O)C(O)C(O)C3O)CCC2)C1=O	CN1C(=O)N=C(O)C(C)(C2=CC(O)CCC2)C1=O	train
CCC1(c2ccc(OC3OC(C(=O)O)C(O)C(O)C3O)cc2)C(O)=NC(=O)N=C1O	CCC1(c2ccc(O)cc2)C(O)=NC(=O)N=C1O	train
CCCc1ccc(OC2OC(C(=O)O)C(O)C(O)C2O)cc1	CCCc1ccc(O)cc1	train
CCCCOC(=O)c1ccc(OC2OC(C(=O)O)C(O)C(O)C2O)cc1	CCCCOC(=O)c1ccc(O)cc1	train
O=C(O)C1OC(Oc2c(-c3ccc(O)c(O)c3)oc3cc(O)cc(O)c3c2=O)C(O)C(O)C1O	O=c1c(O)c(-c2ccc(O)c(O)c2)oc2cc(O)cc(O)c12	train
CC(CCC(=O)NCCS(=O)(=O)O)C1CCC2C3C(O)CC4CC(OS(=O)(=O)O)CCC4(C)C3CC(O)C12C	CC(CCC(=O)NCCS(=O)(=O)O)C1CCC2C3C(O)CC4CC(O)CCC4(C)C3CC(O)C12C	train
COc1ccc(-c2oc3cc(OC4OC(C(=O)O)C(O)C(O)C4O)ccc3c(=O)c2O)cc1OC	COc1ccc(-c2oc3cc(O)ccc3c(=O)c2O)cc1OC	train
O=C(O)C1OC(Oc2ccc3c(c2)OCC(c2ccc(O)cc2)C3)C(O)C(O)C1O	Oc1ccc(C2COc3cc(O)ccc3C2)cc1	train
O=C(c1ccccc1)c1ccc(OC2OC(C(=O)O)C(O)C(O)C2O)cc1	O=C(c1ccccc1)c1ccc(O)cc1	train
CC(C(=O)O)c1cccc(Oc2ccc(OC3C(O)C(O)OC(C(=O)O)C3O)cc2)c1	CC(C(=O)O)c1cccc(Oc2ccc(O)cc2)c1	train
NC(CCC(=O)NC(CSOC1CCOP(=O)(NCCCl)N1CCCl)C(=O)NCC(=O)O)C(=O)O	O=P1(NCCCl)OCCC(O)N1CCCl	train
O=C(O)Cc1cc(O)ccc1Nc1c(Cl)cc(OC2OC(C(=O)O)C(O)C(O)C2O)cc1Cl	O=C(O)Cc1cc(O)ccc1Nc1c(Cl)cc(O)cc1Cl	train
CC1(C)C2CCC3(C)C(C2)C(COC2OC(C(=O)O)C(O)C(O)C2O)CCC13O	CC1(C)C2CCC3(C)C(C2)C(CO)CCC13O	train
COc1ccc2c(=O)c(OC3OC(C(=O)O)C(O)C(O)C3O)c(-c3ccccc3)oc2c1	COc1ccc2c(=O)c(O)c(-c3ccccc3)oc2c1	train
COC12CCC3(CC1C(C)(O)CCc1cccs1)C1Cc4ccc(OC5OC(C(=O)O)C(O)C(O)C5O)c5c4C3(CCN1CC1CC1)C2O5	COC12CCC3(CC1C(C)(O)CCc1cccs1)C1Cc4ccc(O)c5c4C3(CCN1CC1CC1)C2O5	train
Cc1cccc(C)c1OCC(C)OC1OC(C(=O)O)C(O)C(O)C1O	Cc1cccc(C)c1OCC(C)O	train
O=C(O)C1OC(Oc2cc(O)c3c(=O)cc(-c4ccc(O)c(O)c4)oc3c2)C(O)C(O)C1O	O=c1cc(-c2ccc(O)c(O)c2)oc2cc(O)cc(O)c12	train
CC(C(=O)O)c1ccc(-c2ccc(OC3OC(C(=O)O)C(O)C(O)C3O)cc2)c(F)c1	CC(C(=O)O)c1ccc(-c2ccc(O)cc2)c(F)c1	train
COc1ccc2oc(-c3ccccc3)c(OC3OC(C(=O)O)C(O)C(O)C3O)c(=O)c2c1	COc1ccc2oc(-c3ccccc3)c(O)c(=O)c2c1	train
O=C(O)C1OC(Oc2ccc3c(=O)cc(-c4ccccc4O)oc3c2)C(O)C(O)C1O	O=c1cc(-c2ccccc2O)oc2cc(O)ccc12	train
CCOc1nc2cccc(C(=O)OC3OC(C(=O)O)C(O)C(O)C3O)c2n1Cc1ccc(-c2ccccc2-c2nn[nH]n2)cc1	CCOc1nc2cccc(C(=O)O)c2n1Cc1ccc(-c2ccccc2-c2nn[nH]n2)cc1	train
CS(=O)(=O)c1ccc(-c2cc(Cl)cnc2-c2ccc(COC3OC(C(=O)O)C(O)C(O)C3O)nc2)cc1	CS(=O)(=O)c1ccc(-c2cc(Cl)cnc2-c2ccc(CO)nc2)cc1	train
Cc1cnc2ccc3c(nc(NOC4OC(C(=O)O)C(O)C(O)C4O)n3C)c2n1	Cc1cnc2ccc3c(nc(NO)n3C)c2n1	train
CC(C)c1ccc(OC2OC(C(=O)O)C(O)C(O)C2O)cc1	CC(C)c1ccc(O)cc1	train
O=C(O)C1OC(Oc2c(-c3ccccc3)oc3ccc(O)cc3c2=O)C(O)C(O)C1O	O=c1c(O)c(-c2ccccc2)oc2ccc(O)cc12	train
CC(C=CC1=C(C)CCC(=O)C1(C)C)=CC=CC(C)=CC(=O)OC1OC(C(=O)O)C(O)C(O)C1O	CC(C=CC1=C(C)CCC(=O)C1(C)C)=CC=CC(C)=CC(=O)O	train
COc1c(-c2ccccc2)oc2cc(OC3OC(C(=O)O)C(O)C(O)C3O)ccc2c1=O	COc1c(-c2ccccc2)oc2cc(O)ccc2c1=O	train
COc1cc(OC)c2c(=O)c(OC3OC(C(=O)O)C(O)C(O)C3O)c(-c3ccccc3)oc2c1	COc1cc(OC)c2c(=O)c(O)c(-c3ccccc3)oc2c1	train
CN(C)CCc1c[nH]c2cccc(OC3OC(C(=O)O)C(O)C(O)C3O)c12	CN(C)CCc1c[nH]c2cccc(O)c12	train
O=C(O)C1OC(Oc2cc(O)c3c(=O)cc(-c4ccc(O)cc4)oc3c2)C(O)C(O)C1O	O=c1cc(-c2ccc(O)cc2)oc2cc(O)cc(O)c12	train
CCC(C)c1ccc(OC2OC(C(=O)O)C(O)C(O)C2O)cc1	CCC(C)c1ccc(O)cc1	train
COc1ccc(C=CC(=O)O)cc1OC1OC(C(=O)O)C(O)C(O)C1O	COc1ccc(C=CC(=O)O)cc1O	train
COc1cc(-c2oc3cc(OC4OC(C(=O)O)C(O)C(O)C4O)ccc3c(=O)c2O)cc(OC)c1OC	COc1cc(-c2oc3cc(O)ccc3c(=O)c2O)cc(OC)c1OC	train
NC(CCC(=O)NC(CSCCc1ccc([N+](=O)[O-])cc1)C(=O)NCC(=O)O)C(=O)O	O=[N+]([O-])c1ccc(CCBr)cc1	train
C#Cc1cccc(Nc2ncnc3cc(OCCOC4OC(C(=O)O)C(O)C(O)C4O)c(OCCOC)cc23)c1	C#Cc1cccc(Nc2ncnc3cc(OCCO)c(OCCOC)cc23)c1	train
CNCC(O)c1cccc(OC2OC(C(=O)O)C(O)C(O)C2O)c1	CNCC(O)c1cccc(O)c1	train
COc1cc2c(c3oc(=O)c4c(c13)CCC4=O)C1C(O2)OC(SCC(NC(=O)CCC(N)C(=O)O)C(=O)NCC(=O)O)C1O	COc1cc2c(c3oc(=O)c4c(c13)CCC4=O)C1C(O)COC1O2	train
CC(C)(C)c1ccc(OC2OC(C(=O)O)C(O)C(O)C2O)cc1	CC(C)(C)c1ccc(O)cc1	train
CCCOC(=O)c1ccc(OC2OC(C(=O)O)C(O)C(O)C2O)cc1	CCCOC(=O)c1ccc(O)cc1	train
CCCCCC(O)C(CC=O)SCC(NC(=O)CCC(N)C(=O)O)C(=O)NCC(=O)O	CCCCCC(O)C=CC=O	train
O=C1CCC(Cc2ccc(O)c(O)c2)O1	Oc1cc(O)c2c(c1)OC(c1ccc(O)c(O)c1)C(O)C2	train
Oc1ccc(C2COc3cc(O)ccc3C2)cc1	Oc1ccc(C2COc3cc(O)ccc3C2O)cc1	train
CC1OC(O)C(O)C(O)C1O	CC1OC(Oc2c(-c3ccc(O)c(O)c3)oc3cc(O)cc(O)c3c2=O)C(O)C(O)C1O	train
O=C(O)Cc1ccccc1	O=C(O)Cc1cccc(O)c1	train
O=C(O)Cc1ccccc1	O=C(O)Cc1ccc(O)cc1	train
O=C(O)Cc1cccc(O)c1	O=C(O)Cc1ccc(O)c(O)c1	train
O=C(O)CCc1cccc(O)c1	O=C(O)CCc1ccc(O)c(O)c1	train
O=Cc1c(O)cc(O)cc1O	Oc1cc(O)c2cc(O)c(-c3ccc(O)c(O)c3)[o+]c2c1	train
C=C(C(=O)c1c(O)cc(O)cc1O)c1ccc(O)cc1	O=C1c2c(O)cc(O)cc2OCC1c1ccc(O)cc1	train
CC(C(=O)c1c(O)cc(O)cc1O)c1ccc(O)cc1	C=C(C(=O)c1c(O)cc(O)cc1O)c1ccc(O)cc1	train
Nc1c(O)ccc2ccccc12	Oc1ccc2ccccc2c1N=Nc1ccccc1	train
CC(N)Cc1ccc(O)cc1	COc1ccc(CC(C)N)cc1	val
CC(OC1OCC=NC1c1ccc(F)cc1)c1cc(C(F)(F)F)cc(C(F)(F)F)c1	CC(OC1OCCNC1c1ccc(F)cc1)c1cc(C(F)(F)F)cc(C(F)(F)F)c1	val
Cc1nc2c(c(=O)n(C)c(=O)n2Cc2cc(O)co2)n1C	Cc1nc2c(c(=O)n(C)c(=O)n2Cc2ccco2)n1C	val
C=C(C)C1CC=C(C)C(O)C1	C=C(C)C1CC=C(C)CC1	val
O=C(O)CC=CCC1C2CC(CC2O)C1NS(=O)(=O)c1ccccc1	O=C(O)CC=CCC1C2CCC(C2)C1NS(=O)(=O)c1ccccc1	val
CCNCCCC(C)Nc1ccnc2cc(Cl)ccc12	CCN(CC)CCCC(C)Nc1ccnc2cc(Cl)ccc12	val
CNCC(C)CN1c2ccccc2CCc2ccccc21	CC(CN(C)C)CN1c2ccccc2CCc2ccccc21	val
O=C(O)C(O)(c1ccccc1)C1CCCCC1	CCN(CC)CC#CCOC(=O)C(O)(c1ccccc1)C1CCCCC1	val
CC(C)C12CCC(C)(O1)C(O)C2	CC(C)C12CCC(C)(CC1)O2	val
CC1(C)OC2(C)CCC1CC2O	CC12CCC(CC1)C(C)(C)O2	val
Oc1cnc(N2CCNCC2)nc1	c1cnc(N2CCNCC2)nc1	val
ONc1ccc2ccccc2c1	Nc1ccc2ccccc2c1	val
O=C1C(O)N=C(c2ccccc2F)c2cc(Cl)ccc2N1CC(F)(F)F	O=C1CN=C(c2ccccc2F)c2cc(Cl)ccc2N1CC(F)(F)F	val
CCC(O)CCOc1ccc2ccc(=O)oc2c1	CCCCCOc1ccc2ccc(=O)oc2c1	val
N#Cc1cc2ccc(O)cc2oc1=O	CCOc1ccc2cc(C#N)c(=O)oc2c1	val
Nc1cc2cccc3ccc4cccc1c4c32	O=[N+]([O-])c1cc2cccc3ccc4cccc1c4c32	val
NCCc1c[nH]c2ccc(O)cc12	COc1ccc2[nH]cc(CCN)c2c1	val
CC(C)(CO)C1CCC(C2=C(O)C(=O)c3ccccc3C2=O)CC1	CC(C)(C)C1CCC(C2=C(O)C(=O)c3ccccc3C2=O)CC1	val
CC(=O)Nc1ccc(O)cc1	CC(=O)Nc1ccccc1	val
CSc1nc(=N)[nH]c(=NC(C)C)[nH]1	CCN=c1nc(SC)[nH]c(=NC(C)C)[nH]1	val
CN(C)c1c[nH]n(-c2ccccc2)c1=O	CN(C)c1cn(C)n(-c2ccccc2)c1=O	val
COc1ccccc1Oc1c(NS(=O)(=O)c2ccc(C(C)(C)CO)cc2)nc(-c2ncccn2)nc1OCCO	COc1ccccc1Oc1c(NS(=O)(=O)c2ccc(C(C)(C)C)cc2)nc(-c2ncccn2)nc1OCCO	val
N=c1nc(O)c(Br)c(-c2cccc(O)c2)[nH]1	N=c1nc(O)c(Br)c(-c2ccccc2)[nH]1	val
CC(C)(CO)c1ccc(C(O)CCCN2CCC(C(O)(c3ccccc3)c3ccccc3)CC2)cc1	CC(C)(C)c1ccc(C(O)CCCN2CCC(C(O)(c3ccccc3)c3ccccc3)CC2)cc1	val
CCCNC(=O)NS(=O)(=O)c1ccc(Cl)cc1O	CCCNC(=O)NS(=O)(=O)c1ccc(Cl)cc1	val
OC1=Nc2ccc(OCCCCc3nnnn3C3CCCCC3)cc2C(O)C1	O=C1CCc2cc(OCCCCc3nnnn3C3CCCCC3)ccc2N1	val
CC1OC1(C)C(=O)OC1Cc2cc3ccc(=O)oc3cc2OC1(C)C	CC=C(C)C(=O)OC1Cc2cc3ccc(=O)oc3cc2OC1(C)C	val
CNCCOC1(c2ccccc2)CC2CCC1(C)C2(C)C	CN(C)CCOC1(c2ccccc2)CC2CCC1(C)C2(C)C	val
CC1CC2C3CC(O)C4=CC(=O)C=CC4(C)C3(F)C(O)CC2(C)C1(O)C(=O)CO	CC1CC2C3CCC4=CC(=O)C=CC4(C)C3(F)C(O)CC2(C)C1(O)C(=O)CO	val
CC(N)Cc1cccc(C(F)(F)F)c1	CCNC(C)Cc1cccc(C(F)(F)F)c1	val
CC12CCC3c4cc(O)c(O)cc4CCC3C1CCC2O	CC12CCC3c4ccc(O)cc4CCC3C1CCC2O	val
C=C(C)c1ccc(OC)c(CNC2C3CCN(CC3)C2C(c2ccccc2)c2ccccc2)c1	COc1ccc(C(C)C)cc1CNC1C2CCN(CC2)C1C(c1ccccc1)c1ccccc1	val
CC(C)n1c(C=CC(O)CC(O)CC(=O)O)c(-c2ccc(F)cc2)c2ccc(O)cc21	CC(C)n1c(C=CC(O)CC(O)CC(=O)O)c(-c2ccc(F)cc2)c2ccccc21	val
CN1CCC23C=CC(O)CC2Oc2c(O)ccc(c23)C1	COc1ccc2c3c1OC1CC(O)C=CC31CCN(C)C2	val
CN1C2CCCC1CC(NC(=O)c1nn(C)c3cccc(O)c13)C2	CN1C2CCCC1CC(NC(=O)c1nn(C)c3ccccc13)C2	val
CCOP(=O)(O)Cc1ccc(C(=O)Nc2ccc(Br)cc2C#N)cc1	CCOP(=O)(Cc1ccc(C(=O)Nc2ccc(Br)cc2C#N)cc1)OCC	val
CCC(=O)C1(c2cccc(O)c2)CCNCC1	CCC(=O)C1(c2cccc(O)c2)CCN(C)CC1	val
O=C(O)CCCCCCCCCCCO	CCCCCCCCCCCC(=O)O	val
CCCC(O)c1nc(Cl)c(C=O)n1Cc1ccc(-c2ccccc2-c2nn[nH]n2)cc1	CCCCc1nc(Cl)c(C=O)n1Cc1ccc(-c2ccccc2-c2nn[nH]n2)cc1	val
CCOP(=O)(OCC)Oc1ccc([N+](=O)[O-])cc1	CCOP(=S)(OCC)Oc1ccc([N+](=O)[O-])cc1	val
O=c1ccc2nc3ccc(O)cc3oc-2c1	CCCCCOc1ccc2nc3ccc(=O)cc-3oc2c1	val
CC(=O)Nc1ccc(O)cc1	CCOc1ccc(NC(C)=O)cc1	val
OC1CCN(C2(c3ccccc3)CCCCC2)CC1	c1ccc(C2(N3CCCCC3)CCCCC2)cc1	val
CCC1(O)C(=O)OCC1Cc1cncn1C	CCC1C(=O)OCC1Cc1cncn1C	val
CC(=O)C1CCC2C3CCC4=CC(=O)C(O)CC4(C)C3CCC12C	CC(=O)C1CCC2C3CCC4=CC(=O)CCC4(C)C3CCC12C	val
[O-][S+]1c2ccccc2N=C(N2CCN(CCOCCO)CC2)c2ccccc21	OCCOCCN1CCN(C2=Nc3ccccc3Sc3ccccc32)CC1	val
CCOc1cc(CC(=O)NC(CC(C)C)c2ccccc2N2CCCC(O)C2)ccc1C(=O)O	CCOc1cc(CC(=O)NC(CC(C)C)c2ccccc2N2CCCCC2)ccc1C(=O)O	val
CCCN1CCCCC1C(=O)Nc1c(C)ccc(O)c1C	CCCN1CCCCC1C(=O)Nc1c(C)cccc1C	val
O=c1c2cc(O)ccc2nc2n1CCc1c-2[nH]c2ccccc12	O=c1c2ccccc2nc2n1CCc1c-2[nH]c2ccccc12	val
c1ccc(C2CO2)cc1	C=Cc1ccccc1	val
N=c1c2c([nH]c3ccccc13)CCCC2O	N=c1c2c([nH]c3ccccc13)CCCC2	val
CC(C)CC1N=C(O)C(C)N(C)C(=O)CN=C(O)C(=Cc2ccccc2)N=C1O	CC(C)CC1N=C(O)C(C)N(C)C(=O)CN=C(O)C(=Cc2ccccc2)N(C)C1=O	val
Clc1ccccc1CN1C=C2C=C[S+]=C2CC1	Clc1ccccc1CN1CCc2sccc2C1	val
CC1CC2C3CC(O)C4=CC(=O)C=CC4(C)C3=CCC2(C)C1C(=O)CN1CCN(c2cc(N3CCCC3)nc(N3CCCC3)n2)CC1	CC1CC2C3CCC4=CC(=O)C=CC4(C)C3=CCC2(C)C1C(=O)CN1CCN(c2cc(N3CCCC3)nc(N3CCCC3)n2)CC1	val
Cc1cc(=Nc2cc(N3CC[N+](C)([O-])CC3)nc(Sc3ccc(NC(=O)C4CC4)cc3)n2)[nH][nH]1	Cc1cc(=Nc2cc(N3CCN(C)CC3)nc(Sc3ccc(NC(=O)C4CC4)cc3)n2)[nH][nH]1	val
CNCC1CCCCC1(O)c1cccc(OC)c1	COc1cccc(C2(O)CCCCC2CN(C)C)c1	val
Clc1cccc(N2CCNCC2)c1	O=c1n(CCCN2CCN(c3cccc(Cl)c3)CC2)nc2ccccn12	val
CN1C2CCC1CC(OC(=O)c1c[nH]c3ccc(O)cc13)C2	CN1C2CCC1CC(OC(=O)c1c[nH]c3ccccc13)C2	val
CNC(C)Cc1ccc(O)cc1	CNC(C)Cc1ccc(OC)cc1	val
CC(N)Cc1ccc2c(c1)OCO2	CCNC(C)Cc1ccc2c(c1)OCO2	val
Cc1ncnc(C)c1C(=O)N1CCC(C)(N2CCNC(C)C2)CC1	COCC(c1ccc(C(F)(F)F)cc1)N1CCN(C2(C)CCN(C(=O)c3c(C)ncnc3C)CC2)CC1C	val
OCC(c1ncncc1F)C(O)(Cn1cncn1)c1ccc(F)cc1F	CC(c1ncncc1F)C(O)(Cn1cncn1)c1ccc(F)cc1F	val
CCn1nnc(C2=CCCNC2)n1	CCn1nnc(C2=CCCN(C)C2)n1	val
CC(C(=O)c1ccc(CO)cc1)N1CCCC1	Cc1ccc(C(=O)C(C)N2CCCC2)cc1	val
CC(C(=O)c1ccc(O)c(O)c1)N1CCCC1	CC(C(=O)c1ccc2c(c1)OCO2)N1CCCC1	val
Cc1cn2c(CC(=O)N(C)C)c(-c3ccc(CO)cc3)nc2cc1O	Cc1ccc(-c2nc3ccc(C)cn3c2CC(=O)N(C)C)cc1	val
CC(O)=C(C=N)C(=O)Nc1ccc(C(F)(F)F)cc1	Cc1oncc1C(=O)Nc1ccc(C(F)(F)F)cc1	val
OC1=Nc2ccc(Br)cc2C(c2ccccn2)=NC1O	OC1=Nc2ccc(Br)cc2C(c2ccccn2)=NC1	val
Cc1c(F)c(NO)c2c(=O)cc(-c3ccc(NO)c(F)c3)oc2c1F	Cc1c(F)c(NO)c2c(=O)cc(-c3ccc(N)c(F)c3)oc2c1F	val
COC12CCC3(CC1C(C)(O)C(C)(C)C)C1Cc4ccc(O)c5c4C3(CCN1)C2O5	COC12CCC3(CC1C(C)(O)C(C)(C)C)C1Cc4ccc(O)c5c4C3(CCN1CC1CC1)C2O5	val
COc1ccc(C(=O)Nc2ccccc2CCC2CCCCN2)cc1	COc1ccc(C(=O)Nc2ccccc2CCC2CCCCN2C)cc1	val
Cc1ccc(S(=O)(=O)NC(=O)NN2CC3CC(O)CC3C2)cc1	Cc1ccc(S(=O)(=O)NC(=O)NN2CC3CCCC3C2)cc1	val
CCOC(=O)CC(SP(=O)(OC)OC)C(=O)OCC	CCOC(=O)CC(SP(=S)(OC)OC)C(=O)OCC	val
O=C(O)Cc1ccc(CCOc2ccc(CC3SC(=O)N=C3O)cc2)nc1	CCc1ccc(CCOc2ccc(CC3SC(=O)N=C3O)cc2)nc1	val
CN(CCOc1ccc(CC2SC(=O)N=C2O)cc1)c1ccc(O)cn1	CN(CCOc1ccc(CC2SC(=O)N=C2O)cc1)c1ccccn1	val
CCN=c1[nH]c(Cl)nc(=N)[nH]1	CCN=c1nc(Cl)[nH]c(=NCC)[nH]1	val
O=C1CN(N=Cc2ccc(-c3ccc(Cl)cc3)o2)C(=O)N1CCCCN1CCNCC1	CN1CCN(CCCCN2C(=O)CN(N=Cc3ccc(-c4ccc(Cl)cc4)o3)C2=O)CC1	val
Cc1ccc2oc(=O)cc(OC3OC(C(=O)O)C(O)C(O)C3O)c2c1	Cc1ccc2oc(=O)cc(O)c2c1	val
COc1cc2oc(=O)cc(-c3ccccc3)c2cc1OC1OC(C(=O)O)C(O)C(O)C1O	COc1cc2oc(=O)cc(-c3ccccc3)c2cc1O	val
CC(=O)CC(c1ccccc1)c1c(O)c2cccc(OC3OC(C(=O)O)C(O)C(O)C3O)c2oc1=O	CC(=O)CC(c1ccccc1)c1c(O)c2cccc(O)c2oc1=O	val
O=C(O)C1OC(Oc2ccc(-c3cc(=O)c4ccccc4o3)cc2)C(O)C(O)C1O	O=c1cc(-c2ccc(O)cc2)oc2ccccc12	val
O=S(=O)(O)OCCc1ccc2ccc3cccc4ccc1c2c34	OCCc1ccc2ccc3cccc4ccc1c2c34	val
O=[N+]([O-])c1ccc(COS(=O)(=O)O)c([N+](=O)[O-])c1	O=[N+]([O-])c1ccc(CO)c([N+](=O)[O-])c1	val
COc1ccccc1NOC(C)=O	COc1ccccc1NO	val
CC(O)=Nc1ccc(C(=O)O)cc1	Nc1ccc(C(=O)O)cc1	val
C=C1CCC2(O)C3Cc4ccc(OC5OC(C(=O)O)C(O)C(O)C5O)c5c4C2(CCN3)C1O5	C=C1CCC2(O)C3Cc4ccc(O)c5c4C2(CCN3)C1O5	val
O=C(O)C1OC(Oc2ccc(-c3oc4cc(O)ccc4c(=O)c3O)cc2)C(O)C(O)C1O	O=c1c(O)c(-c2ccc(O)cc2)oc2cc(O)ccc12	val
O=C(Nc1ncc([N+](=O)[O-])s1)c1ccccc1OC1OC(C(=O)O)C(O)C(O)C1O	O=C(Nc1ncc([N+](=O)[O-])s1)c1ccccc1O	val
O=S(=O)(O)OCc1c2ccccc2c2ccc3cccc4ccc1c2c43	OCc1c2ccccc2c2ccc3cccc4ccc1c2c43	val
O=C(O)C1OC(Oc2c(-c3ccccc3)oc3cccc(O)c3c2=O)C(O)C(O)C1O	O=c1c(O)c(-c2ccccc2)oc2cccc(O)c12	val
CC12CC(OC3OC(C(=O)O)C(O)C(O)C3O)C(C1)C(C)(C)C2=O	CC12CC(O)C(C1)C(C)(C)C2=O	val
Cc1cccn2c1nc1ccc(NOS(=O)(=O)O)nc12	Cc1cccn2c1nc1ccc(NO)nc12	val
COC12CCC3(CC1C(C)(O)C(C)(C)C)C1Cc4ccc(OC5OC(C(=O)O)C(O)C(O)C5O)c5c4C3(CCN1)C2O5	COC12CCC3(CC1C(C)(O)C(C)(C)C)C1Cc4ccc(O)c5c4C3(CCN1)C2O5	val
CN1CCC23c4c5ccc(OC6OC(C(=O)O)C(O)C(O)C6O)c4OC2C(O)CCC3C1C5	CN1CCC23c4c5ccc(O)c4OC2C(O)CCC3C1C5	val
Cc1cc(OC2OC(C(=O)O)C(O)C(O)C2O)cc2oc(-c3ccccc3)cc(=O)c12	Cc1cc(O)cc2oc(-c3ccccc3)cc(=O)c12	val
CC(C)(c1ccc(O)cc1)c1ccc(OC2OC(C(=O)O)C(O)C(O)C2O)cc1	CC(C)(c1ccc(O)cc1)c1ccc(O)cc1	val
Cc1ccc2c(c1)CC(=O)N2c1c(F)cc(OC2OC(C(=O)O)C(O)C(O)C2O)cc1Cl	Cc1ccc2c(c1)CC(=O)N2c1c(F)cc(O)cc1Cl	val
COc1cc(C(O)CO)ccc1OC1OC(C(=O)O)C(O)C(O)C1O	COc1cc(C(O)CO)ccc1O	val
CCCCc1ccc(OC2OC(C(=O)O)C(O)C(O)C2O)cc1	CCCCc1ccc(O)cc1	val
N=c1cc[nH]cc1OS(=O)(=O)O	N=c1cc[nH]cc1O	val
COc1cc(-c2oc3cc(OC4OC(C(=O)O)C(O)C(O)C4O)cc(O)c3c(=O)c2O)cc(OC)c1O	COc1cc(-c2oc3cc(O)cc(O)c3c(=O)c2O)cc(OC)c1O	val
COc1c(OC2OC(C(=O)O)C(O)C(O)C2O)cc2oc(-c3ccc(O)c(O)c3)cc(=O)c2c1O	COc1c(O)cc2oc(-c3ccc(O)c(O)c3)cc(=O)c2c1O	val
O=C(O)C=Cc1ccc(OC2OC(C(=O)O)C(O)C(O)C2O)c(O)c1	O=C(O)C=Cc1ccc(O)c(O)c1	val
O=C(O)C1OC(Oc2c(-c3cc(O)c(O)c(O)c3)oc3cc(O)cc(O)c3c2=O)C(O)C(O)C1O	O=c1c(O)c(-c2cc(O)c(O)c(O)c2)oc2cc(O)cc(O)c12	val
CN(C)CC1CCCCC1(O)c1cccc(OC2OC(C(=O)O)C(O)C(O)C2O)c1	CN(C)CC1CCCCC1(O)c1cccc(O)c1	val
CCOc1ccc(OC2OC(C(=O)O)C(O)C(O)C2O)cc1	CCOc1ccc(O)cc1	val
CNCCC(Oc1ccc(OC2OC(C(=O)O)C(O)C(O)C2O)c2ccccc12)c1cccs1	CNCCC(Oc1ccc(O)c2ccccc12)c1cccs1	val
CCCCCC=CC(C=CCCCCCCCC(=O)O)OOSCC(NC(=O)CCC(N)C(=O)O)C(=O)NCC(=O)O	CCCCCC=CC(C=CCCCCCCCC(=O)O)OO	val
O=C(O)C1OC(Oc2ccc3c(c2)OCC2c4cc5c(cc4OC32)OCO5)C(O)C(O)C1O	Oc1ccc2c(c1)OCC1c3cc4c(cc3OC21)OCO4	val
COc1ccccc1-c1oc2ccccc2c(=O)c1OC1OC(C(=O)O)C(O)C(O)C1O	COc1ccccc1-c1oc2ccccc2c(=O)c1O	val
C#Cc1cc(Nc2ncnc3cc(OCCOC)c(OCCOC)cc23)ccc1OS(=O)(=O)O	C#Cc1cc(Nc2ncnc3cc(OCCOC)c(OCCOC)cc23)ccc1O	val
COc1cc(-c2oc3cc(O)cc(O)c3c(=O)c2OC2OC(C(=O)O)C(O)C(O)C2O)ccc1O	COc1cc(-c2oc3cc(O)cc(O)c3c(=O)c2O)ccc1O	val
Cc1ccc(C)c(OCCCC(C)(C)C(=O)OC2OC(C(=O)O)C(O)C(O)C2O)c1	Cc1ccc(C)c(OCCCC(C)(C)C(=O)O)c1	val
COc1cc(CCC(O)=CC(=O)CCc2ccc(OC3OC(C(=O)O)C(O)C(O)C3O)c(OC)c2)ccc1O	COc1cc(CCC(=O)C=C(O)CCc2ccc(O)c(OC)c2)ccc1O	val
